symbol,group,exchange,time,date,snap_time,price,price_type,intra_buy_vol,intra_sell_vol,intra_delta,intra_buy_ratio,bid_price_1,bid_vol_1,ask_price_1,ask_vol_1,bid_price_2,bid_vol_2,ask_price_2,ask_vol_2,bid_price_3,bid_vol_3,ask_price_3,ask_vol_3,_ta_window,_last_close,ema20,ema50,adx,supertrend,ema200,ema_cross_pct,price_vs_ema20_pct,price_vs_ema200_pct,rsi,macd,macd_sig,macd_hist,stoch_k,stoch_d,bb_lower,bb_mid,bb_upper,atr,bb_position,atr_pct,obv,cmf,mfi,linreg_20,linreg_slope_pct,aroon_osc,donchian_upper_prev,donchian_lower_prev,ad_line,ad_slope_20d_pct,efi_13,willr_14,vol_ma_ratio,vol_today,vol_avg_20d,high_52w,low_52w,roc_10,return_20d,_cached_date,_ta_from_cache,_ta_stale_days,_should_cache,ff_room,ff_room_max_pct,ff_room_raw,ff_total_room_raw,ff_buy_val_5d,ff_sell_val_5d,ff_net_val_5d,ff_net_val_20d,ff_trend,ff_consistency,ff_acceleration,pt_net_val_5d,pt_net_val_20d,pt_trend,insider_buy_count,insider_sell_count,insider_count,insider_latest,insider_name,r_period,r_pe,r_pb,r_roe,r_roa,r_eps,r_bvps,r_beta,r_div_yield,r_gross_margin,r_net_margin,r_quick_ratio,r_interest_cov,r_ev_ebitda,is_revenue,is_gross_profit,is_net_profit,is_operating_profit,is_eps,is_rev_growth,is_profit_growth,is_rev_growth_yoy,is_profit_growth_yoy,eps_consistency,bs_total_assets,bs_equity,bs_total_liab,bs_short_debt,bs_long_debt,bs_debt_to_equity,cf_operating,cf_investing,cf_financing,cf_free,cf_quality_ratio,finance_score,finance_score_fund,finance_score_cf,finance_score_growth,industry,icb_code,vnindex_return_20d,vnindex_return_5d,updated_at
VJC,GAINER,HSX,2026-07-03 13:50,2026-07-03,13:50,141.4,realtime,53000.0,42000.0,11000.0,0.56,141300.0,1500.0,141500.0,7800.0,141200.0,2900.0,141600.0,700.0,141100.0,1500.0,141700.0,1200.0,12M,141.4,138.51,136.19,21.29,130.7,129.23,1.7,2.09,9.42,57.12,1.28,-0.06,1.35,47.5,41.94,135.44,139.08,142.73,3.34,0.82,2.36,32429847.0,0.05,48.37,139.82,-0.86,-42.86,144.1,132.53,98128861.44,0.97,353473.18,-33.75,0.84,842900.0,1007346.0,169.22,68.84,0.64,-0.42,2026-07-03,False,0,True,0.0,30.0,182240489.0,230727888.0,74.5,62.0,12.5,45.27,-1.13,0.47,0.12,11904760000.0,-22853822000.0,0.38,2,18,20,Mua,Nguyễn Phước Hùng Anh Victor,2026-Q1,54.93,4.98,2.07,1.82,3804.75,42005.0,0.88,0.0,5.29,1.74,1.13,1.55,69.72,17885303.71,2416968.61,652431.85,754839.56,1002.0,-0.0,0.02,-0.0,0.02,1.0,,,,,,,1509051.39,-26554114.68,31380571.65,-25045063.29,0.71,-6,-11,5,0,Du lịch và Giải trí,5700,1.34,-0.44,2026-07-03 13:51
VND,GAINER,HSX,2026-07-03 13:50,2026-07-03,13:50,18.3,realtime,522500.0,80400.0,442100.0,0.87,18300.0,149400.0,18350.0,646700.0,18250.0,129600.0,18400.0,1543800.0,18200.0,314300.0,18450.0,486900.0,12M,18.3,17.67,17.23,19.0,16.57,18.52,2.55,3.57,-1.19,61.77,0.26,0.0,0.26,69.39,57.8,16.9,17.67,18.44,0.55,0.91,3.01,266906589.0,-0.12,56.59,18.04,1.59,-50.0,18.55,16.65,-609791216.75,-6.49,1275295.47,-17.24,0.89,13623600.0,15226070.0,26.58,13.9,3.39,3.98,2026-07-03,False,0,True,0.0,100.0,1407588834.0,1522299908.0,65.0,53.08,11.92,-79.21,0.78,0.37,6.55,2718086000.0,4257897000.0,-0.02,6,14,20,Bán,Vũ Nam Hương,2026-Q1,14.64,1.42,1.65,3.93,1328.31,13731.14,1.46,3.0,61.97,23.96,,,0.0,,828306.14,,,,,,,,,,,,,,,-4435192.06,63026.82,5113117.03,-4372165.24,,-3,7,-10,0,Dịch vụ tài chính,8700,1.34,-0.44,2026-07-03 13:51
FTS,GAINER,HSX,2026-07-03 13:50,2026-07-03,13:50,28.3,realtime,151300.0,39200.0,112100.0,0.79,28300.0,11500.0,28350.0,94900.0,28250.0,44400.0,28400.0,64800.0,28200.0,34100.0,28450.0,112400.0,12M,28.3,26.15,25.3,26.61,25.09,28.31,3.36,8.22,-0.04,72.09,0.92,0.18,0.74,89.83,80.17,22.14,25.73,29.31,0.96,0.86,3.39,-8716570.0,0.18,77.64,28.26,4.66,100.0,28.15,22.55,-118306685.46,5.0,922676.41,-1.09,1.25,2047300.0,1638830.0,40.22,21.36,5.01,18.91,2026-07-03,False,0,True,0.0,100.0,286788979.0,381145750.0,11.37,22.64,-11.28,-6.24,-0.14,0.42,-1.93,453965000.0,1068660000.0,-0.01,5,15,20,Bán,Nguyễn Thị Thu Hương,2026-Q1,27.12,2.58,2.94,3.2,1215.12,12756.11,1.39,2.0,50.34,34.59,,,0.0,,102235.44,,,,,,,,,,,,,,,-876034.91,-5653.2,3229754.41,-881688.11,,-18,-8,-10,0,Dịch vụ tài chính,8700,1.34,-0.44,2026-07-03 13:51
VHM,GAINER,HSX,2026-07-03 13:50,2026-07-03,13:50,152.2,realtime,46700.0,46800.0,-100.0,0.5,152200.0,7600.0,152300.0,5300.0,152100.0,100.0,152400.0,2900.0,152000.0,7600.0,152500.0,4500.0,12M,152.2,147.17,141.54,16.47,135.4,118.73,3.98,3.42,28.19,57.14,2.61,0.81,1.8,77.11,76.98,127.9,144.06,160.21,6.1,0.75,4.01,42873437.0,-0.08,67.49,153.73,5.42,71.43,158.1,124.23,143410622.2,-5.15,3717996.62,-18.19,0.7,3370300.0,4782521.0,166.89,73.96,8.78,3.98,2026-07-03,False,0,True,0.0,50.0,1742713665.0,2053706002.0,856.15,1082.8,-226.66,-2280.81,2.72,0.16,74.71,30354267000.0,-50061894000.0,0.16,0,2,2,Bán,nan,2026-Q1,12.38,2.05,11.07,5.93,10019.1,60356.0,1.35,0.0,32.64,26.02,1.06,12.83,16.79,19022223.0,4523840.0,7553449.0,8742571.0,1839.0,0.21,1.81,0.21,1.81,1.0,,,,,,,41189141.0,-78087978.0,58080605.0,-36898837.0,0.98,22,7,5,10,Bất động sản,8600,1.34,-0.44,2026-07-03 13:51
GMD,GAINER,HSX,2026-07-03 13:50,2026-07-03,13:50,76.1,realtime,198500.0,37400.0,161100.0,0.84,76100.0,2700.0,76200.0,16500.0,76000.0,16000.0,76300.0,3400.0,75800.0,1000.0,76400.0,1100.0,12M,76.1,75.28,74.94,12.84,78.46,68.99,0.45,1.09,10.31,53.62,-0.22,-0.13,-0.09,37.28,27.49,72.1,75.88,79.67,1.8,0.53,2.37,72179915.0,0.14,48.09,74.37,-2.53,-64.29,80.0,72.4,49571010.6,5.95,363107.51,-51.32,1.06,1058300.0,1002560.0,86.98,54.03,-1.17,-0.13,2026-07-03,False,0,True,0.0,49.0,35069286.0,208982603.0,7.25,176.74,-169.49,-129.31,-3.74,0.37,-27.09,-516360000.0,24264270000.0,-0.28,18,2,20,Mua,nan,2026-Q1,15.51,1.75,3.54,8.66,3933.88,34842.0,0.95,3.0,47.42,40.88,2.56,22.36,24.89,1496959.8,645750.45,422620.8,690299.54,1817.0,0.17,0.05,0.17,0.05,1.0,,,,,,,2142022.56,-3384149.77,-1103917.7,-1242127.21,1.22,17,3,10,4,Hàng & Dịch vụ Công nghiệp,2700,1.34,-0.44,2026-07-03 13:51
DSE,GAINER,HSX,2026-07-03 13:50,2026-07-03,13:50,22.8,realtime,354900.0,253600.0,101300.0,0.58,22750.0,66300.0,22800.0,14400.0,22700.0,72400.0,22850.0,24500.0,22650.0,102200.0,22900.0,13700.0,12M,22.8,22.33,22.49,8.95,21.47,23.33,-0.71,2.1,-2.27,58.49,0.08,0.1,-0.02,81.72,81.87,20.93,22.07,23.22,0.44,0.82,1.93,19531816.0,0.16,68.46,22.87,2.46,100.0,22.8,20.45,5912370.55,33.42,41607.35,-18.18,2.01,862900.0,429415.0,30.35,20.45,3.17,6.29,2026-07-03,False,0,True,0.0,100.0,382710521.0,428249806.0,2.65,12.36,-9.71,-9.26,-0.07,0.42,-1.45,607615000.0,607615000.0,,2,0,2,Mua,Lê Anh Tuấn,2026-Q1,32.03,2.08,0.22,2.09,814.98,12557.88,0.93,0.0,23.36,2.13,,,0.0,,148928.86,,,,,,,,,,,,,,,-4656101.04,-15565.47,4089083.19,-4671666.51,,-18,-8,-10,0,Dịch vụ tài chính,8700,1.34,-0.44,2026-07-03 13:51
CTS,GAINER,HSX,2026-07-03 13:50,2026-07-03,13:50,28.7,realtime,113500.0,95200.0,18300.0,0.54,28650.0,9100.0,28700.0,40600.0,28600.0,14700.0,28750.0,51200.0,28550.0,1000.0,28800.0,20400.0,12M,28.7,25.17,23.59,42.75,25.25,25.61,6.7,14.02,12.07,78.1,1.48,0.34,1.14,95.23,89.22,19.98,24.63,29.27,1.05,0.94,3.66,45218940.0,0.16,79.89,28.11,7.58,100.0,28.5,20.74,-20184776.83,25.11,1634415.52,-5.93,1.12,2291600.0,2054288.0,36.6,19.1,10.81,33.55,2026-07-03,False,0,True,0.0,49.0,102948737.0,104219784.0,18.65,26.33,-7.68,-3.79,-0.11,0.47,-1.34,-274000000.0,250805000.0,-0.02,1,0,1,Mua,nan,2026-Q1,10.34,2.47,0.89,5.24,3206.31,13425.13,1.64,0.0,50.93,6.29,,,0.0,,335784.78,,,,,,,,,,,,,,,-1649039.9,-10137.33,2092361.82,-1659177.23,,-6,4,-10,0,Dịch vụ tài chính,8700,1.34,-0.44,2026-07-03 13:51
SSI,GAINER,HSX,2026-07-03 13:50,2026-07-03,13:50,27.25,realtime,286800.0,147000.0,139800.0,0.66,27250.0,115400.0,27300.0,141700.0,27200.0,268800.0,27350.0,351500.0,27150.0,356600.0,27400.0,454000.0,12M,27.25,27.01,27.41,12.39,28.0,29.84,-1.46,0.89,-8.68,52.68,-0.1,0.07,-0.17,54.16,45.97,25.98,26.87,27.76,0.53,0.71,1.94,712014744.0,-0.32,47.12,27.07,0.92,-42.86,28.0,26.15,-1223481506.75,-7.55,773165.92,-42.86,1.04,13583900.0,13092710.0,39.44,23.32,0.37,0.93,2026-07-03,False,0,True,0.0,100.0,1717685878.0,2503089220.0,143.97,172.79,-28.82,-189.64,-0.03,0.26,4.22,-8696238000.0,-66263441000.0,-0.15,20,0,20,Mua,Nguyễn Duy Hưng,2026-Q1,14.74,1.96,2.59,4.43,2052.63,15446.84,1.54,3.0,51.41,22.76,,,0.0,,1876189.48,,,,,,,,,,,,,,,-10425608.77,-2139510.54,15972611.84,-12565119.31,,-3,7,-10,0,Dịch vụ tài chính,8700,1.34,-0.44,2026-07-03 13:51
FPT,GAINER,HSX,2026-07-03 13:50,2026-07-03,13:50,73.0,realtime,118400.0,20600.0,97800.0,0.85,72900.0,42700.0,73000.0,10700.0,72800.0,69200.0,73100.0,75900.0,72700.0,132500.0,73200.0,118400.0,12M,73.0,72.12,73.53,13.06,70.08,85.74,-1.92,1.22,-14.86,53.3,-0.41,0.17,-0.58,57.56,37.71,69.63,72.13,74.63,1.43,0.67,1.96,-344216874.0,-0.33,26.93,70.98,0.69,-50.0,76.0,70.1,-607271347.47,-8.73,2594970.83,-29.27,0.78,6059700.0,7734999.0,110.12,69.05,2.1,-2.67,2026-07-03,False,0,True,0.0,49.0,363847485.0,834718489.0,222.32,433.87,-211.56,-2322.46,1.6,0.16,79.92,-83819380000.0,149183690000.0,-3.98,16,0,16,Mua,Nguyễn Văn Khoa,2026-Q1,15.92,3.73,5.78,11.48,6016.81,25682.0,0.64,2.0,34.88,14.77,1.35,17.9,29.69,16624713.04,6021040.04,2257433.27,3129379.26,1529.0,0.04,0.04,0.04,0.04,1.0,,,,,,,10136043.92,-11624743.59,2801322.87,-1488699.68,1.08,12,0,10,2,Công nghệ Thông tin,9500,1.34,-0.44,2026-07-03 13:51
VCI,GAINER,HSX,2026-07-03 13:50,2026-07-03,13:50,25.0,realtime,53300.0,220300.0,-167000.0,0.19,25000.0,17800.0,25050.0,36900.0,24950.0,243100.0,25100.0,227800.0,24900.0,64700.0,25150.0,313100.0,12M,25.0,24.54,24.98,14.66,25.32,26.93,-1.76,1.87,-7.17,55.95,-0.04,0.14,-0.18,69.92,63.41,23.19,24.28,25.37,0.6,0.83,2.4,17080370.0,-0.3,62.56,24.89,2.26,35.71,25.4,23.15,-469068934.6,-8.13,501629.27,-28.57,0.93,5436600.0,5874890.0,35.84,23.15,1.63,3.52,2026-07-03,False,0,True,0.0,100.0,940619599.0,1147631925.0,29.61,36.78,-7.17,-123.34,0.21,0.32,5.06,470563000.0,61409938000.0,-0.12,6,2,8,Mua,Bùi Vũ Hoàng Tuyên,2026-Q1,18.96,1.67,2.89,4.82,1862.23,21185.62,1.17,1.0,59.42,29.02,,,0.0,,387416.84,,,,,,,,,,,,,,,-8790735.98,-57062.67,7317720.3,-8847798.65,,-7,3,-10,0,Dịch vụ tài chính,8700,1.34,-0.44,2026-07-03 13:51
VIX,GAINER,HSX,2026-07-03 13:51,2026-07-03,13:50,17.0,realtime,476200.0,105300.0,370900.0,0.82,17000.0,110700.0,17050.0,984900.0,16950.0,510800.0,17100.0,818500.0,16900.0,801800.0,17150.0,814100.0,12M,17.05,17.22,17.51,17.18,18.32,20.39,-1.66,-0.99,-16.38,45.43,-0.23,-0.01,-0.22,23.66,20.79,16.42,17.17,17.92,0.48,0.42,2.82,421620138.0,-0.29,44.24,17.0,-0.42,-50.0,18.2,16.65,-524842358.62,-46.74,-264977.78,-74.19,0.62,18189500.0,29236760.0,34.16,12.46,-2.29,-3.94,2026-07-03,False,0,True,0.0,100.0,2266370882.0,2450287772.0,67.85,72.69,-4.85,-268.62,0.78,0.26,13.17,-206419000.0,-285453000.0,0.0,1,0,1,Mua,Trần Bích Thủy,2026-Q1,6.22,1.61,6.18,19.55,3619.17,14009.63,1.84,0.0,85.02,61.23,,,0.0,,1687525.65,,,,,,,,,,,,,,,-6969094.56,-162341.07,8487000.0,-7131435.63,,3,13,-10,0,Dịch vụ tài chính,8700,1.34,-0.44,2026-07-03 13:51
SBT,GAINER,HSX,2026-07-03 13:51,2026-07-03,13:50,20.95,realtime,163800.0,7000.0,156800.0,0.96,20900.0,1800.0,20950.0,15100.0,20850.0,3300.0,21000.0,57300.0,20800.0,4900.0,21050.0,11400.0,12M,20.95,21.18,21.08,21.24,20.4,21.93,0.47,-1.09,-4.47,45.39,0.06,-0.08,0.14,28.15,37.31,20.52,21.32,22.12,0.38,0.27,1.81,13380908.0,0.52,27.56,21.32,-2.54,-28.57,22.0,20.05,100117972.02,6.1,-19990.37,-76.0,0.7,391500.0,559310.0,26.04,18.49,-2.78,3.2,2026-07-03,False,0,True,0.0,100.0,745497363.0,928026375.0,0.93,2.25,-1.33,4.72,-0.05,0.47,-0.51,322547000.0,614824000.0,-0.03,2,3,5,Mua,ĐẶNG HUỲNH ỨC MY,2025-Q3,13.44,1.04,1.79,2.47,995.93,14336.0,0.87,0.0,9.3,3.69,1.1,1.6,39.47,6846213.02,576070.02,203404.15,176746.1,255.79,0.27,0.01,,,,,,,,,,-605889.17,-1427672.8,1014403.17,-2033561.97,-0.75,3,7,-10,6,Thực phẩm và đồ uống,3500,1.34,-0.44,2026-07-03 13:51
NKG,GAINER,HSX,2026-07-03 13:51,2026-07-03,13:50,11.95,realtime,121300.0,88800.0,32500.0,0.58,11900.0,111200.0,11950.0,5100.0,11850.0,53200.0,12000.0,67000.0,11800.0,78600.0,12050.0,16900.0,12M,11.95,12.11,12.38,24.05,12.54,13.59,-2.18,-1.32,-12.07,41.13,-0.15,0.0,-0.15,28.79,30.81,11.67,12.1,12.54,0.24,0.32,2.01,113037313.0,-0.3,47.18,11.94,-0.54,-50.0,12.75,11.65,-345934674.26,-2.42,-18460.47,-72.73,0.56,769600.0,1378088.0,18.55,11.65,-2.05,-3.32,2026-07-03,False,0,True,0.0,50.0,203887375.0,223785440.0,0.17,1.04,-0.87,-2.36,-0.13,0.26,-0.05,,,,1,0,1,Mua,Hồ Minh Phát,2026-Q1,32.27,0.87,-0.12,1.24,460.2,17060.0,1.29,0.0,2.29,-0.3,0.67,0.77,46.12,3808494.9,270019.18,91593.97,18099.91,,-0.07,0.4,-0.07,0.4,1.0,,,,,,,1326940.47,-3028797.61,2149858.25,-1701857.14,6.73,11,-3,10,4,Tài nguyên Cơ bản,1700,1.34,-0.44,2026-07-03 13:51
SJS,GAINER,HSX,2026-07-03 13:51,2026-07-03,13:50,48.0,realtime,17400.0,5900.0,11500.0,0.75,45300.0,1100.0,47950.0,300.0,45200.0,2000.0,48000.0,6600.0,45100.0,1000.0,48500.0,7000.0,12M,48.0,48.82,50.61,37.29,50.69,56.21,-3.54,-1.68,-14.61,35.02,-1.08,0.13,-1.22,37.49,31.54,47.29,48.49,49.68,1.37,0.3,2.85,361597.0,0.4,42.06,47.68,-0.22,-71.43,49.95,47.0,1517734.41,13.23,-1358.11,-33.96,1.08,23300.0,21475.0,84.8,37.84,-2.83,-3.9,2026-07-03,False,0,True,0.0,50.0,147043836.0,148737414.0,0.12,0.29,-0.17,-0.33,-0.0,0.37,-0.02,,,,0,1,1,Bán,nan,2026-Q1,38.28,6.15,3.91,3.73,1614.43,10054.0,0.49,0.0,63.71,43.9,0.41,0.0,115.56,193868.97,142139.88,103558.1,130089.84,909.0,0.35,0.54,0.35,0.54,1.0,,,,,,,-74242.93,75304.87,-20965.22,1061.93,-0.21,-11,-11,-10,10,Bất động sản,8600,1.34,-0.44,2026-07-03 13:51
EVF,GAINER,HSX,2026-07-03 13:51,2026-07-03,13:50,13.25,realtime,212800.0,204700.0,8100.0,0.51,13200.0,20800.0,13250.0,28500.0,13150.0,131900.0,13300.0,58500.0,13100.0,227200.0,13350.0,136200.0,12M,13.25,13.39,13.44,14.06,13.09,13.12,-0.37,-1.05,0.99,45.69,-0.11,-0.04,-0.07,15.28,12.54,12.89,13.48,14.08,0.33,0.3,2.49,81748800.0,-0.09,38.33,13.18,-2.52,-71.43,14.25,13.05,-71305529.8,-7.16,-35002.85,-83.33,0.53,1436200.0,2702040.0,16.5,10.6,-3.28,0.76,2026-07-03,False,0,True,0.0,15.0,111893573.0,114084870.0,2.39,12.22,-9.83,4.04,-0.38,0.37,-2.18,24305000.0,13705000.0,0.04,19,1,20,Mua,nan,2026-Q1,9.4,0.85,1.62,1.25,1175.89,12985.45,1.23,0.0,,,,,,,,,,,,,,,,,,,,,,1546431.0,-107290.0,-828.0,1439141.0,,17,12,5,0,Dịch vụ tài chính,8700,1.34,-0.44,2026-07-03 13:51
DGW,GAINER,HSX,2026-07-03 13:51,2026-07-03,13:51,40.35,realtime,27800.0,36800.0,-9000.0,0.43,40350.0,1300.0,40400.0,16300.0,40300.0,9100.0,40450.0,8200.0,40250.0,2300.0,40500.0,9000.0,12M,40.35,40.18,41.01,12.54,38.62,41.99,-2.02,0.42,-3.91,49.99,-0.24,0.12,-0.36,43.39,42.98,38.34,39.98,41.61,0.93,0.61,2.3,8772414.0,0.26,55.57,40.24,0.69,-35.71,42.0,38.7,-4724245.38,44.29,35925.81,-52.38,0.63,447800.0,711720.0,56.53,35.63,0.25,1.13,2026-07-03,False,0,True,0.0,49.0,56791268.0,108446882.0,19.89,46.1,-26.22,10.58,-0.57,0.37,-5.8,1031500000.0,527630000.0,-0.01,18,2,20,Mua,Nguyễn Duy Tùng,2026-Q1,15.63,2.48,4.72,5.98,2495.9,15701.0,1.25,1.0,8.67,2.02,0.81,6.3,0.0,5731443.02,487328.16,115750.63,140848.47,528.0,0.04,0.09,0.04,0.09,1.0,,,,,,,-42388.53,-14167.67,391894.13,-56556.2,-0.08,-8,0,-10,2,Bán lẻ,5300,1.34,-0.44,2026-07-03 13:51
HT1,GAINER,HSX,2026-07-03 13:51,2026-07-03,13:51,13.5,realtime,11300.0,29000.0,-17700.0,0.28,13400.0,4500.0,13500.0,46400.0,13350.0,18600.0,13550.0,9300.0,13300.0,7500.0,13600.0,6200.0,12M,13.5,13.67,14.03,27.13,14.15,15.2,-2.57,-1.24,-11.18,42.77,-0.13,0.0,-0.14,27.11,25.82,13.38,13.67,13.96,0.25,0.2,1.85,7268668.0,-0.02,30.54,13.54,-1.44,-50.0,14.0,13.3,5347512.78,-1.0,-8020.79,-76.92,0.29,40600.0,141365.0,21.0,12.68,-2.53,-1.46,2026-07-03,False,0,True,0.0,49.0,179046925.0,186979056.0,1.44,0.42,1.02,2.2,0.02,0.53,0.09,-2319000.0,-2319000.0,,7,13,20,Bán,Nguyễn Quốc Huy,2026-Q1,23.0,1.24,1.68,3.43,717.35,13336.0,1.09,1.0,13.81,4.29,0.4,16.63,10.0,1930886.47,270716.15,112331.8,137542.22,294.0,0.22,13.24,0.22,13.24,1.0,,,,,,,796888.92,-195623.91,-931797.08,601265.01,2.91,23,3,10,10,Xây dựng và Vật liệu,2300,1.34,-0.44,2026-07-03 13:51
VRE,GAINER,HSX,2026-07-03 13:51,2026-07-03,13:51,28.25,realtime,92000.0,79500.0,12500.0,0.54,28250.0,1200.0,28300.0,24100.0,28200.0,26200.0,28350.0,21600.0,28150.0,51200.0,28400.0,26900.0,12M,28.25,28.75,29.15,21.63,30.43,29.92,-1.37,-1.74,-5.58,45.51,-0.4,0.04,-0.44,43.64,45.28,27.2,28.38,29.56,1.03,0.44,3.65,121623857.0,-0.17,55.26,28.59,1.06,21.43,30.57,26.61,179426438.61,-8.49,110999.54,-55.91,0.42,2156700.0,5100562.0,43.65,22.7,-0.35,-6.24,2026-07-03,False,0,True,0.0,49.0,861601590.0,1141121020.0,92.43,105.49,-13.06,-231.02,1.26,0.21,9.55,-11752635000.0,-63582878000.0,-0.16,9,11,20,Bán,,2026-Q1,11.86,1.58,5.65,10.89,2836.72,21286.0,1.59,0.0,52.35,114.99,1.49,19.02,0.0,2142630.0,1182311.0,1233261.0,1428329.0,,0.01,0.05,0.01,0.05,1.0,,,,,,,-3262205.0,3007764.0,1804378.0,-254441.0,-0.51,2,10,-10,2,Bất động sản,8600,1.34,-0.44,2026-07-03 13:51
VCB,GAINER,HSX,2026-07-03 13:51,2026-07-03,13:51,62.3,realtime,106000.0,44900.0,61100.0,0.7,62200.0,35700.0,62300.0,50300.0,62100.0,23500.0,62400.0,83400.0,62000.0,130300.0,62500.0,161100.0,12M,62.2,61.87,61.7,15.52,60.03,61.94,0.28,0.53,0.42,53.31,0.1,0.09,0.0,72.46,77.35,60.73,61.69,62.66,0.88,0.76,1.41,142251773.0,-0.23,59.55,62.0,1.25,28.57,63.1,60.8,-355797795.57,-5.45,466309.61,-39.13,0.45,1808400.0,4028995.0,78.8,56.0,0.81,0.81,2026-07-03,False,0,True,0.0,30.0,818355937.0,2506702528.0,239.46,116.53,122.93,-281.35,1.33,0.37,39.39,57029260000.0,102020274000.0,0.91,11,9,20,Mua,Nguyễn Tuấn Anh,2026-Q1,12.66,2.11,3.83,1.54,4542.29,27231.3,0.67,1.0,,,,,,,,,,,,,,,,,,,,,,116230551.0,-1379136.0,-3776798.0,114851415.0,,9,4,5,0,Ngân hàng,8300,1.34,-0.44,2026-07-03 13:51
PVD,GAINER,HSX,2026-07-03 13:51,2026-07-03,13:51,32.85,realtime,115000.0,103000.0,12000.0,0.53,32850.0,2100.0,32900.0,47200.0,32800.0,64000.0,32950.0,36100.0,32750.0,23000.0,33000.0,58000.0,12M,32.85,31.77,31.82,23.78,30.25,28.64,-0.16,3.4,14.7,58.23,0.46,0.29,0.17,85.54,87.82,28.93,31.28,33.62,1.0,0.84,3.04,221840501.0,0.04,76.85,33.0,4.75,85.71,33.7,28.8,-48032386.22,4.26,738512.25,-18.89,0.45,1186400.0,2620410.0,45.5,18.8,5.8,7.0,2026-07-03,False,0,True,0.0,50.0,224014639.0,278148003.0,130.58,34.04,96.54,209.16,0.86,0.79,8.3,-1743970000.0,-988535000.0,-0.04,0,1,1,Bán,nan,2026-Q1,15.28,0.92,2.11,3.99,1855.36,30756.0,1.09,2.0,15.42,8.69,1.25,12.0,13.27,2430063.7,518890.64,239502.44,276005.84,362.0,0.62,0.57,0.62,0.57,1.0,,,,,,,1432040.0,-2868617.49,979841.84,-1436577.49,1.38,25,5,10,10,Dầu khí,0500,1.34,-0.44,2026-07-03 13:51
PNJ,LOSER,HSX,2026-07-03 13:51,2026-07-03,13:51,58.7,realtime,90000.0,0.0,90000.0,1.0,,0.0,58700.0,12289700.0,0.0,0.0,58800.0,18400.0,0.0,0.0,58900.0,1100.0,12M,58.7,64.12,66.25,24.51,64.2,64.68,-3.22,-8.45,-9.25,27.39,-1.28,-0.45,-0.83,7.89,13.16,59.85,64.46,69.07,1.81,0.0,3.08,24741701.0,0.16,44.12,62.97,-3.84,-92.86,68.5,61.7,53732369.77,6.38,-601151.35,-100.0,1.04,1055700.0,1014150.0,84.67,53.27,-12.52,-10.65,2026-07-03,False,0,True,0.0,49.0,3900043.0,250826843.0,50.61,83.25,-5.32,101.4,-0.16,0.47,-6.4,-4228880000.0,-4059950000.0,-0.4,1,1,2,Bán,Đào Trung Kiên,2026-Q1,11.59,2.49,9.65,15.79,8368.83,38915.0,0.78,1.0,25.13,12.67,0.4,46.43,0.0,7582449.57,1633611.94,441636.51,552623.85,1204.0,-0.21,-0.35,-0.21,-0.35,-1.0,,,,,,,18890.4,-893788.03,272974.96,-874897.63,0.01,1,7,0,-6,Hàng cá nhân & Gia dụng,3700,1.34,-0.44,2026-07-03 13:51
FRT,LOSER,HSX,2026-07-03 13:51,2026-07-03,13:51,118.9,realtime,13700.0,51000.0,-37300.0,0.21,118700.0,200.0,118900.0,200.0,118600.0,3100.0,119000.0,2900.0,118500.0,1100.0,119100.0,1000.0,12M,118.9,121.46,126.38,23.58,114.8,134.54,-3.89,-2.11,-11.62,41.34,-1.37,0.36,-1.74,44.39,49.88,113.4,120.32,127.23,3.16,0.4,2.66,-2327209.0,0.01,43.12,122.4,0.29,21.43,127.43,113.34,13757762.09,0.88,-169940.98,-85.9,0.89,369400.0,413815.0,172.38,113.34,-3.97,0.03,2026-07-03,False,0,True,0.0,49.0,29612465.0,83447874.0,24.99,62.4,-37.41,143.98,-0.59,0.63,-15.06,21474370000.0,-42394795000.0,0.05,4,16,20,Mua,,2026-Q1,28.2,4.95,6.59,4.06,5301.9,30176.0,1.05,0.0,19.28,2.34,0.53,4.9,0.0,11390344.66,2271099.32,118657.65,205700.59,871.0,-0.02,-0.29,-0.02,-0.29,-1.0,,,,,,,2747326.55,-5263902.41,3288620.02,-2516575.86,3.46,-2,-8,10,-4,Bán lẻ,5300,1.34,-0.44,2026-07-03 13:51
TCH,LOSER,HSX,2026-07-03 13:51,2026-07-03,13:51,14.05,realtime,27300.0,160900.0,-133600.0,0.15,14050.0,129300.0,14100.0,146800.0,14000.0,384100.0,14150.0,65400.0,13950.0,82000.0,14200.0,66600.0,12M,14.05,14.75,15.34,26.48,15.39,17.5,-3.85,-4.75,-19.71,32.14,-0.36,-0.01,-0.35,14.21,18.71,14.04,14.75,15.46,0.42,0.01,2.99,3605147.0,-0.25,39.41,14.31,-2.07,-85.71,15.9,14.15,36025647.19,-35.31,-318820.48,-97.37,0.97,3724400.0,3857490.0,25.0,12.85,-5.7,-5.07,2026-07-03,False,0,True,0.0,51.0,371453000.0,465175704.0,4.37,10.51,-6.15,-188.42,0.88,0.11,8.69,1527519000.0,-496121000.0,0.04,3,6,9,Bán,,2026-Q4,46.56,1.04,0.37,1.82,475.73,21356.0,1.67,0.0,7.49,16.21,1.33,3245.9,0.0,345980.49,89478.99,40214.42,69615.52,,-0.11,0.06,,,,,,,,,,1467691.98,-872548.91,187579.71,595143.06,1.72,3,-5,10,-2,Bất động sản,8600,1.34,-0.44,2026-07-03 13:51
BCM,LOSER,HSX,2026-07-03 13:51,2026-07-03,13:51,51.2,realtime,55000.0,57600.0,-2600.0,0.49,51100.0,13800.0,51200.0,12700.0,51000.0,72600.0,51300.0,100.0,50900.0,6700.0,51400.0,5300.0,12M,51.2,52.88,53.83,7.52,50.59,60.04,-1.76,-3.18,-14.72,36.87,-0.5,-0.12,-0.37,10.14,9.4,51.53,52.91,54.29,1.01,0.0,1.97,-2914976.0,-0.35,30.63,52.32,-0.91,-85.71,55.3,52.3,-6516094.3,-43.46,-127304.0,-94.59,2.59,677300.0,261220.0,82.28,49.75,-3.94,-5.36,2026-07-03,False,0,True,0.0,34.0,343425975.0,351900000.0,2.09,5.94,-3.85,-22.59,0.17,0.53,0.42,1190150000.0,3587047000.0,-0.11,3,2,5,Mua,Nguyễn Văn Hùng,2026-Q1,18.38,2.74,5.46,5.9,3361.44,22529.0,0.6,0.0,75.56,90.6,0.42,4.12,48.58,2520696.39,1808983.08,1466266.06,1703089.24,1383.0,0.37,3.09,0.37,3.09,1.0,,,,,,,-222925.9,-1871098.2,2238698.95,-2094024.1,-0.06,3,3,-10,10,Bất động sản,8600,1.34,-0.44,2026-07-03 13:51
PC1,LOSER,HSX,2026-07-03 13:51,2026-07-03,13:51,21.9,realtime,99900.0,143900.0,-44000.0,0.41,21900.0,21000.0,21950.0,10100.0,21850.0,9200.0,22000.0,38400.0,21800.0,101000.0,22050.0,4200.0,12M,21.9,21.36,21.4,30.35,20.02,22.22,-0.19,2.53,-1.44,55.78,0.61,0.16,0.45,73.22,81.05,18.53,21.06,23.59,0.9,0.67,4.11,98297488.0,0.38,77.66,22.94,4.18,78.57,23.3,18.55,-90904382.49,29.08,1397252.08,-37.84,0.52,2556200.0,4921250.0,32.2,16.65,3.06,17.43,2026-07-03,False,0,True,0.0,50.0,168526955.0,205642671.0,26.82,65.91,-39.09,-49.36,-0.91,0.42,-5.22,6267880000.0,164485000.0,0.38,5,0,5,Mua,nan,2026-Q1,7.79,1.04,6.41,4.55,2894.98,21612.0,0.82,0.0,21.27,13.18,1.27,5.38,11.24,2934930.77,509592.23,138315.79,196780.97,,0.58,1.5,0.58,1.5,1.0,,,,,,,2272718.21,-1474000.7,728904.0,798717.51,2.18,33,13,10,10,Xây dựng và Vật liệu,2300,1.34,-0.44,2026-07-03 13:51
HDG,LOSER,HSX,2026-07-03 13:51,2026-07-03,13:51,20.35,realtime,83300.0,200700.0,-117400.0,0.29,20300.0,36200.0,20350.0,73000.0,20250.0,52900.0,20400.0,25400.0,20200.0,30300.0,20450.0,12300.0,12M,20.35,21.0,21.89,22.96,21.77,24.47,-4.07,-3.1,-16.84,35.81,-0.34,0.02,-0.36,10.92,15.16,20.38,20.97,21.56,0.44,0.0,2.16,17357637.0,-0.43,31.74,20.72,-1.45,-85.71,21.9,20.55,-44178398.4,-29.88,-161325.81,-96.87,1.39,1623500.0,1171407.0,32.5,20.3,-2.16,-3.51,2026-07-03,False,0,True,0.0,50.0,134856618.0,203478666.0,5.27,10.07,-4.8,-53.92,0.01,0.21,1.88,-4457980000.0,12074910000.0,-0.13,0,2,2,Bán,nan,2026-Q1,13.78,1.21,3.45,4.87,1981.42,22644.0,1.37,0.0,68.76,42.2,1.28,6.7,16.77,583781.77,254014.88,-24875.15,40410.34,,-0.02,-1.16,-0.02,-1.16,-1.0,,,,,,,1243479.71,-587859.15,-714786.89,655620.56,1.61,13,7,10,-4,Bất động sản,8600,1.34,-0.44,2026-07-03 13:51
PVT,LOSER,HSX,2026-07-03 13:51,2026-07-03,13:51,19.95,realtime,16200.0,140300.0,-124100.0,0.1,19900.0,93600.0,19950.0,26700.0,19850.0,95200.0,20000.0,24600.0,19800.0,113700.0,20050.0,27300.0,12M,19.95,20.01,20.16,7.91,21.2,18.79,-0.74,-0.3,6.17,48.55,-0.06,0.05,-0.11,61.9,58.73,19.34,19.91,20.48,0.62,0.54,3.11,11675720.0,-0.22,61.71,20.03,0.81,28.57,20.8,19.05,-177937582.66,-6.63,-13213.66,-48.57,0.72,1788100.0,2475154.0,29.73,14.95,-1.72,-0.25,2026-07-03,False,0,True,0.0,49.0,169227094.0,230266305.0,33.21,22.63,10.58,-33.08,0.44,0.47,3.86,3360700000.0,62020065000.0,-0.93,0,1,1,Bán,Nguyễn Thanh Hà,2026-Q1,7.24,0.75,2.35,4.95,2541.12,24452.0,0.9,0.0,14.96,7.7,1.76,4.81,6.3,4351967.76,598847.33,293686.73,423354.33,625.0,0.56,0.37,0.56,0.37,1.0,,,,,,,3161225.06,-3123382.08,701466.1,37842.98,3.05,32,12,10,10,Hàng & Dịch vụ Công nghiệp,2700,1.34,-0.44,2026-07-03 13:51
NLG,LOSER,HSX,2026-07-03 13:51,2026-07-03,13:51,25.85,realtime,55700.0,122100.0,-66400.0,0.31,25850.0,1700.0,25900.0,25100.0,25800.0,70600.0,25950.0,4600.0,25750.0,93600.0,26000.0,8800.0,12M,25.85,26.22,26.44,13.66,25.37,30.45,-0.83,-1.41,-15.11,46.67,-0.01,-0.02,0.01,35.03,37.66,24.76,26.26,27.76,0.73,0.36,2.82,17021367.0,-0.02,52.37,26.39,-0.38,-35.71,28.2,25.02,-58989796.95,-1.73,334094.78,-79.66,0.53,1134500.0,2135142.0,44.77,23.74,-4.44,1.53,2026-07-03,False,0,True,0.0,50.0,45303577.0,242548691.0,99.47,42.6,56.88,93.47,-0.11,0.42,6.46,-6172615000.0,-45963745000.0,0.19,20,0,20,Mua,Cao Tấn Thạch,2026-Q1,16.72,0.79,2.38,2.51,1821.39,38497.0,1.15,2.0,46.08,29.63,1.64,377.81,21.18,772555.91,331797.85,99329.55,140598.96,238.0,-0.4,-0.08,-0.4,-0.08,-1.0,,,,,,,-872640.36,970347.48,1273304.0,97707.13,-1.24,-9,5,-10,-4,Bất động sản,8600,1.34,-0.44,2026-07-03 13:51
PDR,LOSER,HSX,2026-07-03 13:51,2026-07-03,13:51,14.5,realtime,257500.0,141200.0,116300.0,0.65,14500.0,43700.0,14550.0,63700.0,14450.0,220100.0,14600.0,172700.0,14400.0,418500.0,14650.0,264200.0,12M,14.5,14.97,15.48,13.74,15.58,18.36,-3.29,-3.14,-21.02,33.04,-0.29,0.01,-0.3,26.98,32.28,14.5,14.9,15.3,0.36,0.01,2.48,167150105.0,0.17,36.64,14.67,-0.41,-35.71,15.45,14.4,102561977.15,22.7,-261835.01,-90.48,0.7,4046800.0,5740210.0,27.2,13.7,-3.33,-3.65,2026-07-03,False,0,True,0.0,50.0,438200739.0,498904689.0,4.07,3.42,0.65,-6.0,-0.08,0.42,0.45,996155000.0,-786400000.0,0.07,11,9,20,Bán,Lê Thị Lĩnh Phúc,2026-Q1,33.78,1.48,2.58,2.08,556.52,12680.0,1.63,0.0,80.45,86.9,0.73,3.57,45.88,19926.8,4953.1,64922.87,112609.79,70.0,-0.95,0.28,-0.95,0.28,1.0,,,,,,,-2975418.12,1572252.06,1435414.1,-1403166.06,-5.78,-13,-5,-10,2,Bất động sản,8600,1.34,-0.44,2026-07-03 13:51
PHR,LOSER,HSX,2026-07-03 13:51,2026-07-03,13:51,63.9,realtime,41900.0,108200.0,-66300.0,0.28,63900.0,400.0,64000.0,53100.0,63800.0,6400.0,64400.0,10000.0,63700.0,8300.0,64500.0,38900.0,12M,63.9,63.97,64.18,11.1,66.0,61.17,-0.33,-0.11,4.46,48.9,-0.49,0.07,-0.56,63.72,55.62,61.48,63.71,65.93,1.74,0.54,2.72,7412353.0,-0.28,51.19,63.32,1.4,21.43,67.7,60.5,-15210573.68,-13.93,8430.28,-42.37,0.7,255700.0,367430.0,74.7,48.65,-1.69,-0.93,2026-07-03,False,0,True,0.0,49.0,49911407.0,66394607.0,10.87,19.3,-8.44,-62.56,0.09,0.26,1.61,414970000.0,-888460000.0,0.18,1,0,1,Mua,Trần Hoàng Giang,2026-Q1,15.46,1.86,1.59,8.43,3784.24,31417.0,0.96,2.0,31.36,14.07,4.5,131.7,0.0,367973.22,98143.23,90287.83,115221.03,667.0,0.18,-0.06,0.18,-0.06,-1.0,,,,,,,615847.76,-27664.79,-327758.16,588182.97,1.29,15,3,10,2,Hóa chất,1300,1.34,-0.44,2026-07-03 13:51
GAS,LOSER,HSX,2026-07-03 13:51,2026-07-03,13:51,76.2,realtime,37400.0,38400.0,-1000.0,0.49,76100.0,500.0,76200.0,4100.0,76000.0,18900.0,76300.0,500.0,75900.0,15600.0,76400.0,3000.0,12M,76.2,79.61,81.68,12.43,83.91,77.7,-2.53,-4.28,-1.93,37.63,-1.61,-0.42,-1.19,11.63,11.89,75.17,80.29,85.4,2.7,0.1,3.54,33313071.0,-0.31,21.64,76.39,-3.01,-100.0,87.8,76.4,-30921546.82,-25.39,-448649.33,-91.46,1.05,1086700.0,1035500.0,131.5,56.0,-6.16,-10.35,2026-07-03,False,0,True,0.0,49.0,1133033966.0,1182345380.0,10.32,28.91,-18.59,-68.52,-0.55,0.32,-0.11,1975520000.0,49359869000.0,-0.26,3,17,20,Bán,Trịnh Văn Bộ,2026-Q1,14.98,2.58,2.03,12.75,4832.77,28038.0,0.61,3.0,8.68,3.18,3.19,33.13,39.19,30080421.25,4953952.87,4747605.08,5978744.15,1985.0,0.17,0.72,0.17,0.72,1.0,,,,,,,13040237.87,-6468619.5,-5264541.76,6571618.37,1.14,22,4,10,8,"Điện, nước & xăng dầu khí đốt",7500,1.34,-0.44,2026-07-03 13:51
SZC,LOSER,HSX,2026-07-03 13:51,2026-07-03,13:51,22.2,realtime,18800.0,91600.0,-72800.0,0.17,22200.0,41200.0,22300.0,2200.0,22150.0,17800.0,22350.0,10900.0,22100.0,37100.0,22400.0,49500.0,12M,22.2,22.95,24.44,34.75,23.81,29.2,-6.1,-3.27,-23.97,33.85,-0.58,0.07,-0.65,19.05,21.16,21.82,22.86,23.9,0.51,0.18,2.3,-21726319.0,-0.1,31.64,22.44,-1.62,-57.14,24.2,22.1,-65601805.04,-1.15,-38582.5,-95.24,0.73,277000.0,381170.0,39.31,22.1,-3.9,-2.63,2026-07-03,False,0,True,0.0,20.0,33764516.0,35997172.0,1.13,1.65,-0.52,0.12,-0.04,0.47,-0.11,,,,12,8,20,Bán,Hoàng Thị Quý,2026-Q1,15.2,1.64,3.25,4.24,1917.44,17797.0,0.98,3.0,52.23,27.15,0.59,22.7,0.0,217829.31,136423.55,94927.61,118025.9,566.0,-0.47,-0.25,-0.47,-0.25,-1.0,,,,,,,235966.32,-488772.83,-35304.88,-252806.51,0.68,2,3,5,-6,Bất động sản,8600,1.34,-0.44,2026-07-03 13:51
LPB,LOSER,HSX,2026-07-03 13:51,2026-07-03,13:51,51.3,realtime,107100.0,71400.0,35700.0,0.6,51200.0,22300.0,51300.0,3800.0,51100.0,26800.0,51400.0,7600.0,51000.0,33100.0,51500.0,7700.0,12M,51.3,51.13,49.16,25.8,50.57,44.77,4.01,0.33,14.59,52.35,1.19,0.19,1.0,51.83,58.1,42.67,49.82,56.97,2.08,0.6,4.05,108745201.0,-0.03,75.15,54.65,6.48,35.71,58.5,45.1,-21003149.65,-6.24,1559995.97,-55.17,0.65,1579700.0,2441755.0,58.5,30.85,6.87,12.38,2026-07-03,False,0,True,0.0,5.0,115693425.0,149364105.0,107.71,116.81,-9.1,93.32,0.53,0.58,-6.73,3905497000.0,812146572000.0,0.05,13,7,20,Mua,Nguyễn Văn Ngọc,2026-Q1,10.9,2.65,8.23,2.12,3834.74,15797.8,0.61,6.0,,,,,,,,,,,,,,,,,,,,,,56241284.0,-1043171.0,-7468205.0,55198113.0,,12,7,5,0,Ngân hàng,8300,1.34,-0.44,2026-07-03 13:51
PAN,LOSER,HSX,2026-07-03 13:51,2026-07-03,13:51,22.8,realtime,70600.0,191700.0,-121100.0,0.27,22800.0,3200.0,22850.0,4000.0,22750.0,31700.0,22900.0,3300.0,22700.0,11900.0,22950.0,700.0,12M,22.8,23.09,23.44,12.63,23.85,23.44,-1.49,-1.26,-2.73,41.89,-0.21,0.06,-0.28,63.64,64.14,22.46,22.88,23.31,0.45,0.4,1.97,29694555.0,-0.17,48.86,23.03,1.59,-35.71,23.45,22.35,3508599.03,-24.92,-4121.91,-59.09,0.98,332600.0,337753.0,26.96,19.35,-0.22,-0.87,2026-07-03,False,0,True,0.0,49.0,68612439.0,126455768.0,7.79,3.0,4.79,31.08,-0.05,0.84,-0.68,-112058000.0,-112058000.0,,1,0,1,Mua,nan,2026-Q1,8.47,0.63,3.04,3.36,3222.65,43488.0,0.73,2.0,20.54,10.42,1.23,8.24,10.17,4064494.45,777834.15,139991.38,310824.9,670.0,-0.01,0.3,-0.01,0.3,1.0,,,,,,,9054816.93,-1067529.37,-8340739.89,7987287.56,13.46,26,12,10,4,Thực phẩm và đồ uống,3500,1.34,-0.44,2026-07-03 13:51
GEE,LOSER,HSX,2026-07-03 13:51,2026-07-03,13:51,88.5,realtime,35200.0,26600.0,8600.0,0.57,88500.0,16100.0,88600.0,3100.0,88400.0,9100.0,88700.0,2000.0,88300.0,30200.0,88800.0,4900.0,12M,88.5,93.96,99.47,28.39,99.56,95.33,-5.54,-5.81,-7.16,35.01,-3.88,0.22,-4.09,16.05,26.44,87.82,92.94,98.05,3.98,0.07,4.5,50459648.0,-0.38,27.79,89.29,0.13,-35.71,104.95,88.0,37226278.66,-21.46,-489437.76,-95.37,0.52,709700.0,1364123.0,137.72,50.92,-4.84,-12.78,2026-07-03,False,0,True,0.0,50.0,313723128.0,320249605.0,18.43,22.77,-4.34,-31.46,-0.12,0.32,0.79,-7094000.0,-27795000.0,0.0,12,4,16,Bán,nan,2026-Q1,25.93,10.72,6.29,21.81,9468.35,22900.0,0.71,2.0,16.25,7.7,0.98,12.54,68.82,6509730.78,1035209.16,528143.58,723391.06,1450.0,0.23,0.17,0.23,0.17,1.0,,,,,,,-471841.96,630675.11,358936.64,158833.15,-0.14,-10,-8,-10,8,Hàng & Dịch vụ Công nghiệp,2700,1.34,-0.44,2026-07-03 13:51
CII,LOSER,HSX,2026-07-03 13:51,2026-07-03,13:51,17.25,realtime,211500.0,120000.0,91500.0,0.64,17250.0,146100.0,17300.0,140700.0,17200.0,474500.0,17350.0,73800.0,17150.0,233300.0,17400.0,80900.0,12M,17.25,17.42,17.71,12.01,18.32,19.7,-1.64,-0.98,-12.44,46.58,-0.09,0.04,-0.13,31.48,33.62,16.59,17.37,18.14,0.6,0.43,3.48,501398956.0,-0.17,54.68,17.52,-0.53,-21.43,18.65,16.0,-583524289.28,-7.08,170621.86,-77.78,0.47,5287700.0,11285470.0,31.35,12.62,-2.54,6.48,2026-07-03,False,0,True,0.0,40.0,245387916.0,268794116.0,8.78,15.73,-6.94,3.61,-0.41,0.32,-1.58,-10366040000.0,-15117779000.0,-0.23,8,12,20,Mua,Trần Thị Tuất,2026-Q1,83.03,1.09,0.63,0.37,251.73,19133.0,1.74,2.0,56.9,16.46,0.91,1.41,30.64,750961.77,420900.46,35735.64,149341.09,59.0,0.08,0.98,0.08,0.98,1.0,,,,,,,-501844.47,-1360282.84,1312458.21,-1862127.32,-4.05,-9,-5,-10,6,Xây dựng và Vật liệu,2300,1.34,-0.44,2026-07-03 13:51
VCG,LOSER,HSX,2026-07-03 13:51,2026-07-03,13:51,20.75,realtime,169900.0,274400.0,-104500.0,0.38,20850.0,800.0,20900.0,61300.0,20750.0,34600.0,20950.0,43400.0,20700.0,123600.0,21000.0,66700.0,12M,20.75,20.33,20.62,25.63,19.97,22.58,-1.41,2.07,-8.1,55.86,0.07,0.2,-0.14,70.16,78.06,18.9,20.03,21.15,0.49,0.82,2.36,57316400.0,-0.1,70.42,20.72,4.93,42.86,21.75,19.0,-443441936.02,-1.52,1134186.49,-44.44,1.15,3780700.0,3297230.0,29.1,18.1,4.8,6.41,2026-07-03,False,0,True,0.0,49.0,303635736.0,316769484.0,48.49,29.35,19.14,33.84,0.14,0.58,2.05,-33637780000.0,-5044191000.0,-0.44,9,11,20,Bán,nan,2026-Q1,3.53,1.17,1.96,13.33,6405.89,19320.0,0.86,4.0,11.58,7.46,1.13,5.5,18.85,4412099.42,561172.29,308711.28,405422.63,516.0,0.7,1.41,0.7,1.41,1.0,,,,,,,2838642.39,-2710012.4,-269160.84,128629.98,0.77,25,10,5,10,Xây dựng và Vật liệu,2300,1.34,-0.44,2026-07-03 13:51
VTP,LOSER,HSX,2026-07-03 13:51,2026-07-03,13:51,64.1,realtime,10700.0,49600.0,-38900.0,0.18,64100.0,300.0,64200.0,3500.0,64000.0,11500.0,64300.0,3100.0,63900.0,4400.0,64400.0,900.0,12M,64.1,64.5,66.09,9.28,66.98,72.49,-2.41,-0.62,-11.57,45.99,-0.56,0.18,-0.73,63.25,53.56,62.42,64.23,66.05,1.43,0.46,2.23,4112096.0,-0.17,51.01,64.0,0.66,-50.0,66.9,62.4,-27338134.72,-3.14,61196.35,-56.41,0.45,112500.0,249440.0,96.73,60.76,-1.38,-2.14,2026-07-03,False,0,True,0.0,49.0,77512065.0,84294650.0,0.7,4.13,-3.43,-7.42,-0.05,0.32,-0.29,2526680000.0,11399560000.0,-0.04,5,1,6,Mua,nan,2026-Q1,29.51,6.8,8.72,5.9,3347.88,14519.0,-0.27,1.0,6.2,2.6,1.06,9.28,0.0,4982327.21,271426.85,99775.74,126653.54,616.0,-0.01,0.44,-0.01,0.44,1.0,,,,,,,761724.84,-1073775.07,271230.16,-312050.23,1.88,6,-8,10,4,Hàng & Dịch vụ Công nghiệp,2700,1.34,-0.44,2026-07-03 13:51
REE,LOSER,HSX,2026-07-03 13:51,2026-07-03,13:51,49.1,realtime,15600.0,76100.0,-60500.0,0.17,49000.0,1800.0,49100.0,2600.0,48950.0,2800.0,49200.0,100.0,48900.0,1500.0,49250.0,3500.0,12M,49.1,50.33,51.72,20.24,51.43,54.02,-2.69,-2.44,-9.11,34.71,-0.71,0.0,-0.71,22.94,28.28,49.1,50.23,51.36,0.74,0.0,1.51,-6527387.0,-0.3,33.53,49.65,-1.01,-57.14,51.3,49.1,-35252724.54,-6.15,-75300.98,-95.45,1.53,493600.0,321835.0,64.52,49.0,-2.58,-3.54,2026-07-03,False,0,True,0.0,49.0,3446.0,305220527.0,5.01,2.33,2.68,-0.37,0.02,0.32,0.55,1050770000.0,-2823029000.0,0.63,3,0,3,Mua,nan,2026-Q1,12.16,1.33,2.53,6.64,5017.75,45778.0,0.65,2.0,36.13,26.71,2.37,6.19,20.94,2513507.81,853184.85,623499.78,826710.78,1151.0,0.22,0.02,0.22,0.02,1.0,,,,,,,2710883.35,-4555505.57,-745467.83,-1844622.21,1.07,23,7,10,6,"Điện, nước & xăng dầu khí đốt",7500,1.34,-0.44,2026-07-03 13:51
DXG,LOSER,HSX,2026-07-03 13:51,2026-07-03,13:51,12.2,realtime,368100.0,278700.0,89400.0,0.57,12150.0,382200.0,12200.0,66400.0,12100.0,1207100.0,12250.0,357400.0,12050.0,788700.0,12300.0,492200.0,12M,12.2,12.74,12.97,15.37,13.26,14.89,-1.77,-4.24,-18.07,35.51,-0.21,-0.05,-0.16,18.35,26.28,12.1,12.81,13.52,0.34,0.07,2.79,278194007.0,-0.16,48.81,12.41,-2.47,-71.43,13.55,12.2,87280064.42,-23.87,-931938.56,-93.1,1.37,11105700.0,8077222.0,21.49,11.23,-8.27,-5.06,2026-07-03,False,0,True,0.0,50.0,398055155.0,634926225.0,1.64,23.36,-21.72,-259.58,0.98,0.0,9.32,-1297200000.0,-651552000.0,-0.09,0,6,6,Bán,nan,2026-Q1,68.41,0.91,0.03,0.66,249.97,18754.0,1.38,0.0,58.45,4.41,1.27,2.48,150.57,1045664.08,476306.2,84498.4,236111.67,95.0,0.13,0.75,0.13,0.75,1.0,,,,,,,1389860.91,-1062400.77,1814547.23,327460.14,3.82,15,-3,10,8,Bất động sản,8600,1.34,-0.44,2026-07-03 13:51
