field,symbol,group,exchange,time,date,snap_time,price,price_type,intra_buy_vol,intra_sell_vol,intra_delta,intra_buy_ratio,depth_buy,depth_sell,depth_buy_ratio,ema20,ema50,adx,supertrend,ema200,ema_cross_pct,price_vs_ema20_pct,price_vs_ema200_pct,rsi,macd,macd_sig,macd_hist,stoch_k,stoch_d,bb_lower,bb_mid,bb_upper,atr,bb_position,atr_pct,obv,cmf,mfi,vol_ma_ratio,vol_today,vol_avg_20d,ff_buy_val_5d,ff_sell_val_5d,ff_net_val_5d,ff_net_val_20d,insider_count,insider_latest,insider_name,r_period,r_pe,r_pb,r_roe,r_roa,r_eps,r_bvps,r_beta,r_div_yield,r_gross_margin,r_net_margin,r_quick_ratio,r_interest_cov,r_ev_ebitda,is_revenue,is_gross_profit,is_net_profit,is_operating_profit,is_eps,is_rev_growth,is_profit_growth,is_rev_growth_yoy,is_profit_growth_yoy,bs_total_assets,bs_equity,bs_total_liab,bs_short_debt,bs_long_debt,bs_debt_to_equity,cf_operating,cf_investing,cf_financing,cf_free,cf_quality_ratio,finance_score,finance_score_fund,finance_score_cf,finance_score_growth,industry,icb_code,ff_room,ff_trend,ff_consistency,ff_acceleration,ff_data_invalid,market_valuation,trend_score,momentum_score,volume_score,volatility_score,order_flow_score,ff_score,fundamental_score,cf_score,growth_score,context_score,news_score,confluence_bonus,tech_score,fund_score,news_industry,news_mention,news_macro,news_evidence,total_score,decision,confidence,pattern_flags,signals
description,Mã cổ phiếu,Nhóm tăng/giảm,Sàn giao dịch,Thời gian cập nhật,Ngày giao dịch,Giờ snapshot,Giá hiện tại,Loại giá,KL mua chủ động,KL bán chủ động,Chênh lệch mua-bán,Tỷ lệ mua chủ động,KL chờ mua (depth),KL chờ bán (depth),Tỷ lệ mua/tổng depth,EMA 20 ngày,EMA 50 ngày,Sức mạnh xu hướng,Supertrend level,EMA 200 ngày,% EMA20 vs EMA50,% giá vs EMA20,% giá vs EMA200,Relative Strength Index,MACD line,MACD signal line,MACD histogram,Stochastic %K,Stochastic %D,Bollinger Band dưới,Bollinger Band giữa,Bollinger Band trên,Average True Range,Vị trí giá trong BB,ATR% biến động tương đối,On Balance Volume,Chaikin Money Flow,Money Flow Index,Volume hôm nay / TB20 ngày,Volume hôm nay,Volume TB 20 ngày,FF mua 5 ngày,FF bán 5 ngày,FF ròng 5 ngày,FF ròng 20 ngày,Số giao dịch insider gần đây,Loại GD insider gần nhất,Tên insider gần nhất,Kỳ báo cáo ratio,P/E ratio,P/B ratio,Return on Equity (TTM),Return on Assets (TTM),EPS trailing,Book value per share,Beta hệ số rủi ro,Tỷ suất cổ tức,Biên lợi nhuận gộp,Biên lợi nhuận ròng,Hệ số thanh khoản nhanh,Khả năng trả lãi vay,EV/EBITDA,Doanh thu thuần,Lợi nhuận gộp,Lợi nhuận sau thuế,Lợi nhuận hoạt động,EPS quý,Tăng trưởng DT QoQ,Tăng trưởng LN QoQ,Tăng trưởng DT YoY,Tăng trưởng LN YoY,Tổng tài sản,Vốn chủ sở hữu,Tổng nợ phải trả,Nợ vay ngắn hạn,Nợ vay dài hạn,Tỷ lệ nợ/vốn (D/E),Dòng tiền hoạt động (năm),Dòng tiền đầu tư (năm),Dòng tiền tài chính (năm),Free Cash Flow (năm),Tỷ lệ CF/LN (cùng năm),Tổng điểm tài chính,Điểm fundamental (precomp),Điểm CF (precomp),Điểm growth (precomp),Ngành ICB,Mã ICB ngành,Room ngoại còn lại,Xu hướng FF 20 ngày,Tỷ lệ ngày FF dương 20D,Gia tốc FF,FF data bị wipe,Định giá thị trường,Điểm xu hướng,Điểm đà tăng,Điểm dòng tiền/volume,Điểm biến động,Điểm order flow,Điểm Foreign Flow,Điểm cơ bản,Điểm chất lượng CF,Điểm tăng trưởng,Điểm context thị trường,Điểm tin tức tổng hợp,Thưởng đồng thuận đa nhóm,Điểm kỹ thuật tổng hợp,Điểm cơ bản tổng hợp,Tin tức theo ngành,Tin đề cập trực tiếp,Tin vĩ mô thị trường,Dẫn chứng tin tức,Tổng điểm,Quyết định,Độ tin cậy quyết định,Cờ pattern đặc biệt,Chi tiết tín hiệu
formula,-,-,-,-,-,-,last_price,-,Σ vol match_type=Buy,Σ vol match_type=Sell,buy_vol - sell_vol,buy_vol/(buy+sell),Σ buy_volume depth,Σ sell_volume depth,depth_buy/(buy+sell),"EMA(close,20)","EMA(close,50)",ADX(14),"ST(10,3)","EMA(close,200)",(EMA20-EMA50)/EMA50×100,(price-EMA20)/EMA20×100,(price-EMA200)/EMA200×100,RSI(14),EMA12-EMA26,EMA9(MACD),MACD-signal,"Stoch(14,3,3).K","Stoch(14,3,3).D","BB(20,2).lower","BB(20,2).mid=SMA20","BB(20,2).upper",ATR(14),(price-lower)/(upper-lower),ATR(14)/price×100,Σ±volume theo giá,CMF(20),MFI(14),vol_today / avg_vol_20d,volume cuối cùng trong OHLCV,"mean(volume, 20 ngày gần)",Σ fr_buy_val_matched 5d,Σ fr_sell_val_matched 5d,buy-sell 5d,buy-sell 20d,count insider_deal(5),action_type.iloc[0],trader_name.iloc[0],KBS ratio period,"pe_ratio (KBS, ~TTM)",pb_ratio,roe_trailling,roa_trailling,trailing_eps,book_value_per_share_bvps,beta,dividend_yield,gross_margin,net_margin,quick_ratio,interest_coverage,ev_ebitda,3_net_revenue (Q),5_gross_profit (Q),profit_after_tax_shareholders,11_operating_profit (Q),19_earnings_per_share (Q),(rev_Q - rev_Q-1)/|rev_Q-1|,(np_Q - np_Q-1)/|np_Q-1|,(rev_Q - rev_Q-4)/|rev_Q-4|,(np_Q - np_Q-4)/|np_Q-4|,total_assets (Q),owner_s_equity (Q),c_liabilities (Q),11_short_term_borrowings,9_long_term_borrowings,(total_assets-equity)/equity,operating_cash_flow (annual),investing_cash_flow (annual),financing_cash_flow (annual),cf_operating + cf_investing,cf_operating_y / net_profit_y,fundamental+cashflow+growth,PE+PB+ROE,CFO+CF quality,rev_growth+profit_growth,-,-,fr_current_room,slope(ff_net_20d),count(ff_net>0)/20,avg_ff_5d - avg_ff_20d,validation gate,PE VNINDEX percentile 5Y,EMA cross+EMA200+ADX+ST,RSI+MACD+Stochastic,CMF+MFI+OBV+VolRatio,BB position,pattern + vol_spike×direction,FF net5d+net20d+trend+accel,PE+PB+ROE+D/E,CFO sign + CF quality ratio,rev_growth+profit_growth (YoY preferred),market_valuation,industry+mention+macro (centered),count(groups > 30% cap threshold),trend+momentum+volume+volatility+order_flow,fundamental+cf+growth,avg(weighted_sentiment) ngành ICB,avg(weighted_sentiment×1.5) khi symbol in title,MACRO_KEYWORDS matched × bias,top 3 articles by |contribution|,Σ(trend+momentum+volume+volatility+order_flow+ff+fund+cf+growth+ctx+news+confluence),total_score phân loại,tech_score vs fund_score alignment,tech/fund divergence analysis,list signals với điểm
baseline,-,GAINER/LOSER,HSX/HNX/UPCOM,-,-,-,-,realtime/last_close,Cao = áp lực mua,Cao = áp lực bán,>0 mua nhiều hơn,>0.6 mua mạnh,Cao = nhu cầu mua,Cao = áp lực bán,>0.6 thiên mua,EMA20>EMA50 = bullish +15đ(×0.5 flat),EMA20>EMA50 = bullish cross,>25 mạnh +5đ | <20 sideways 0đ,Giá>ST = uptrend +5đ | Giá<ST -5đ,Price>EMA200 = long-term bullish +5đ | Price<EMA200 -5đ. Tính từ 12M history. Fallback dùng EMA20 ±3đ nếu <200 ngày.,>0 bullish <0 bearish,>0 trên EMA20,>0 trên EMA200 (uptrend dài hạn) | <0 dưới EMA200,<30 oversold +15đ | >70 overbought -10đ | 40-60 neutral +5đ,>0 bullish,MACD cross up = buy,>0 +10đ(×0.5 flat) | <0 -10đ(×0.5 flat),<20 oversold +5đ | >80 overbought -5đ,K>D cross up +3đ | K<D -3đ (ngoài vùng cực đoan),Giá chạm = quá bán,Hỗ trợ/kháng cự động,Giá chạm = quá mua,Cao = biến động lớn,<0.2 oversold +5đ (volatility group) | >0.8 overbought -5đ. Phase 2.9: đã chuyển về volatility_score.,<0.5% flat (EMA/MACD weight×0.5) | >1.5% biến động mạnh,OBV & EMA cùng chiều +4đ | divergence -4đ,>0.1 inflow +8đ | <-0.1 outflow -8đ,<20 oversold +8đ | >80 overbought -5đ,>2.0 breakout +5đ | >1.5 elevated +3đ | <0.5 yếu -3đ,-,Baseline so sánh vol_ma_ratio,Cao = ngoại mua mạnh,Cao = ngoại bán mạnh,>0 mua ròng +5đ | <0 bán ròng -5đ,>0 tích lũy +5đ | <0 phân phối -5đ,>0 có giao dịch nội bộ,buy/sell,-,YYYY-QN,<10 cheap +10đ | 10-15 +7đ | 15-25 +3đ | >25 -5đ | <0 thua lỗ -5đ,<1 below book +5đ | 1-2 +3đ | 2-3 0đ | >3 -3đ | <0 equity âm -5đ,>20% +5đ | 15-20 +3đ | 10-15 0đ | <5% -3đ,>10% tốt,>0 có lãi,-,<1 ít biến động | >1.5 biến động cao,>5% hấp dẫn,>30% tốt,>10% tốt,>1 an toàn,>3 an toàn,<10 rẻ | >20 đắt,-,-,>0 có lãi,>0 hoạt động có lãi,>0 có lãi/CP,>20% mạnh +5đ | >10% +3đ | >0 +1đ | <-10% -3đ. Ưu tiên YoY nếu có.,>20% mạnh +5đ | >10% +3đ | >0 +1đ | <-10% -3đ. Ưu tiên YoY nếu có.,Loại bỏ seasonal. >20% +5đ | >10% +3đ | >0 +1đ | <-10% -3đ. ĐƯỢC ƯU TIÊN hơn QoQ trong scoring.,Loại bỏ seasonal. >20% +5đ | >10% +3đ | >0 +1đ | <-10% -3đ. ĐƯỢC ƯU TIÊN hơn QoQ trong scoring.,-,>0 healthy,-,-,-,<0.3 very low +3đ | <1.0 healthy +1đ | <2.0 moderate 0đ | <3.0 high -2đ | ≥3.0 very high -3đ. BỎ QUA cho ngân hàng/bảo hiểm (high D/E là bình thường).,>0 tạo cash thật +5đ | <0 đốt tiền -10đ. SECTOR-AWARE: Banking/Securities/Insurance/RE bỏ qua penalty CFO<0 (business model đặc thù).,<0 đang đầu tư (bình thường),<0 trả nợ/cổ tức (tốt) | >0 huy động vốn,>0 excellent,">1 +5đ (cash > earnings, quality high) | <0.5 -5đ (earnings without cash). SECTOR-AWARE: bỏ qua cho Banking/Securities/RE/Insurance.",Max ±38đ,Max ±18đ,Max ±10đ,Max ±10đ,-,-,>0 còn room mua,>0 tích lũy dần +5đ | <0 phân phối -5đ,>0.6 tích lũy đều | <0.4 bán đều,>0 tăng tốc mua +5đ | <0 giảm tốc -5đ,True = CafeF library bug detected,CHEAP/FAIR/EXPENSIVE,Max ±30đ. Phase 2.7: EMA200 thay Price>EMA20,Max ±23đ,Max ±20đ. Phase 2.8: thêm vol_ma_ratio; Phase 2.9: BB pos → volatility_score,Max ±5đ. BB pos<0.2 +5đ (oversold) | >0.8 -5đ (overbought). Phase 2.9 tách ra khỏi volume_score.,Max ±10đ. ACCUMULATION/SPIKE_BUY +5đ | DISTRIBUTION/SPIKE_SELL -5đ | WEAK -3đ. Cần market giờ mở mới có data (intraday=None pre-market).,Max ±20đ,Max ±20đ. Phase 1.5: thêm D/E (skip cho ngân hàng/bảo hiểm).,Max ±10đ. Sector-aware: Banking/Securities/RE/Insurance bỏ qua penalty CFO<0.,Max ±10đ. Phase 1.1: ưu tiên YoY (ít seasonal noise) over QoQ.,Max ±5đ | CHEAP +5 | EXPENSIVE -5,±5đ SYMMETRIC. Phase 1.2: đổi từ 0-10 sang -5..+5. 0=neutral | +5 rất tích cực | -5 rất tiêu cực | Không có tin=0.,±10đ. ≥7 nhóm cùng chiều +10 | ≥5 nhóm +5 | ≤5 nhóm âm -5 | ≤7 nhóm âm -10. Threshold = 30% của cap mỗi nhóm.,Phần technical của total_score. Dùng để detect bull-trap: tech_score cao + fund_score thấp = WARNING.,Phần fundamental của total_score. fund_score > 0 = healthy business.,Centered ±2đ | 0=neutral. Phase 1.2: từ 0-4/2=neutral sang -2..+2/0=neutral.,Centered ±2đ | 0=neutral | boost 1.5×. Symbol mention từ ticker + tên công ty.,Centered ±1đ | 0=neutral | MACRO_CONTEXT_INDUSTRIES filter. Chỉ áp dụng negative khi article thuộc ngành tài chính/vĩ mô.,[type] source: title (HH:MM) contribution,"Thresholds v3: ≥80 STRONG BUY | ≥40 BUY | ≥-15 NEUTRAL | ≥-40 SELL | <-40 STRONG SELL. Max ±168 lý thuyết, realistic ±100.",STRONG BUY/BUY/NEUTRAL/SELL/STRONG SELL,"HIGH = tech+fund cùng hướng mạnh | MEDIUM = trung bình | LOW = mâu thuẫn (BULL_TRAP_RISK, UNCLEAR).","CONSENSUS_BULL (T≥30,F≥15) | CONSENSUS_BEAR | BULL_TRAP_RISK (T≥40,F≤-15) | VALUE_OPPORTUNITY (T≤-30,F≥15) | UNCLEAR | [-] = bình thường.","Dạng: SignalName ±Điểm, phân cách | "
unit,,,,,,,VND,,CP,CP,CP,%,CP,CP,%,VND,VND,0–100,VND,VND,%,%,%,0–100,VND,VND,VND,0–100,0–100,VND,VND,VND,VND,0–1,%,CP,-1 đến 1,0–100,×,CP,CP,VND,VND,VND,VND,lần,,,,×,×,%,%,VND,VND,×,%,%,%,×,×,×,tỷ VND,tỷ VND,tỷ VND,tỷ VND,VND,%,%,%,%,tỷ VND,tỷ VND,tỷ VND,tỷ VND,tỷ VND,×,tỷ VND,tỷ VND,tỷ VND,tỷ VND,×,điểm,điểm,điểm,điểm,,,VND,tỷ VND/ngày,0–1,tỷ VND/ngày,,,điểm,điểm,điểm,điểm,điểm,điểm,điểm,điểm,điểm,điểm,điểm,điểm,điểm,điểm,điểm,điểm,điểm,,điểm,,,,
HSL,HSL,GAINER,HSX,2026-06-05 14:20,2026-06-05,14:20,5.25,realtime,231000.0,113700.0,117300.0,0.67,809000.0,395700.0,0.67,4.96,5.19,19.45,5.28,7.28,-4.43,5.85,-27.88,62.05,-0.03,0.04,-0.07,74.29,67.29,4.7,4.92,5.15,0.19,1.0,3.62,-5642000.0,0.53,72.66,6.98,1459600.0,209085.0,,,,,5,Bán,Nguyễn Tuấn Dũng,2026-Q1,691.36,0.6,-0.21,0.08,10.11,11592.0,0.43,0.0,0.0,0.0,14.77,0.0,0.0,27276268.0,761943.0,-1772906.0,-604814.0,nan,2.1481,-1.6152,2.1481,-1.6152,468128033.0,nan,21063522.0,nan,nan,nan,nan,nan,nan,nan,nan,-1.0,-3.0,0.0,2.0,Thực phẩm và đồ uống,3500,,,,,True,FAIR,-12,-7,7,-5,8,0,-6,-10,2,-2,-0.08,-5,-9,-14,0.0,0.0,-0.07999999999999996,[macro] petrotimes: Nhận định thị trường chứng khoán ngày 27 5 Nhà đầu (27 May 2026) +1.50,-30.08,SELL,MEDIUM,[],EMA20<EMA50 -15 | Price -28%<EMA200 (oversold) +8 | ADX=19.45 sideways 0 | ST=5.28 bearish -5 | MACD hist=-0.07<0 -10 | Stoch K>67.29 cross up +3 | CMF=0.53 inflow (overbought) -8 | MFI=72.66 strong inflow +6 | OBV confirms trend +4 | Vol=6.98x avg breakout +5 | BB pos=1.0 near upper (overbought) -5 | OF pattern=SPIKE_BUY +5 | OF vol+613% buy 0.67 | PE=691.36 expensive -5 | PB=0.6 below book +5 | ROE=-0.21% weak -3 | D/E=nan very high -3 | CFO<0 cash burn -10 | RevG-YoY=214.8% strong +5 | ProfitG-YoY=-161.5% declining -3 | Market FAIR+downtrend -2 | News NEUTRAL -0.08 [Nhận định thị trường chứng khoán ngày 27... · petrotimes ·  2026] | CONFLUENCE bear (5/10 groups) -5
C32,C32,GAINER,HSX,2026-06-05 14:20,2026-06-05,14:20,15.75,realtime,0.0,85000.0,-85000.0,0.0,0.0,85000.0,0.0,13.37,12.69,24.93,13.58,11.24,5.36,17.8,40.12,68.77,0.42,0.16,0.26,96.75,74.53,11.59,13.37,15.15,0.69,1.0,4.38,3406126.0,0.27,90.31,4.96,122900.0,24770.0,,,,,5,Mua,Phạm Thị Thu Hằng,2026-Q1,4.13,0.28,5.49,4.94,2614.01,38723.0,0.35,0.0,12.91,14.13,1.03,12.91,0.0,128133448.0,19392900.0,-6422758.0,11181097.0,-427.0,0.7183,-5.1866,0.7183,-5.1866,851701001.0,nan,269725533.0,195364500.0,nan,nan,nan,nan,nan,nan,nan,nan,nan,nan,nan,Xây dựng và Vật liệu,2300,,,,,True,FAIR,12,5,7,-5,-3,0,12,-10,2,-2,-0.05,0,16,4,0.029999999999999805,0.0,-0.07999999999999996,[industry] vietstock: Nghị quyết 09 xác lập các trụ cột để TPHCM phát tr (26 May 2026) +1.56 | [industry] nld: Phát huy vai trò của HĐND trong xây dựng cơ chế độ (28 May 2026) +1.35 | [macro] petrotimes: Nhận định thị trường chứng khoán ngày 27 5 Nhà đầu (27 May 2026) +1.50,17.95,NEUTRAL,LOW,['UNCLEAR'],EMA20>EMA50 +15 | Price 40%>EMA200 (overextended) -8 | ST=13.58 bullish +5 | MACD hist=0.26>0 +10 | Stoch K=96.75 overbought -5 | CMF=0.27 inflow (overbought) -8 | MFI=90.31 strong inflow +6 | OBV confirms trend +4 | Vol=4.96x avg breakout +5 | BB pos=1.0 near upper (overbought) -5 | OF vol+156% sell 0.00 | PE=4.13 very cheap +10 | PB=0.28 below book +5 | D/E=nan very high -3 | CFO<0 cash burn -10 | RevG-YoY=71.8% strong +5 | ProfitG-YoY=-518.7% declining -3 | Market FAIR+downtrend -2 | News NEUTRAL -0.05 [Nghị quyết 09 xác lập các trụ cột để TPH... · vietstock ·  2026]
CRE,CRE,GAINER,HSX,2026-06-05 14:20,2026-06-05,14:20,7.89,realtime,275400.0,177200.0,98200.0,0.61,275400.0,177200.0,0.61,7.74,7.69,14.23,7.19,8.52,0.65,1.94,-7.39,54.5,0.06,-0.0,0.06,60.87,69.89,7.26,7.71,8.16,0.27,0.7,3.42,13167300.0,0.42,58.55,2.2,470600.0,214240.0,,,,,5,Mua,Phạm Đức Hùng,2026-Q1,53.0,0.67,0.16,1.0,162.09,12814.0,0.79,0.0,20.91,2.4,2.45,2.26,120.55,348784501.0,101469692.0,39654086.0,53489772.0,nan,1.2599,12.1836,1.2599,12.1836,7583220385.0,nan,1641596452.0,736904777.0,97757942.0,nan,nan,nan,nan,nan,nan,7.0,-3.0,0.0,10.0,Bất động sản,8600,,,,,True,FAIR,25,12,1,0,0,0,-6,0,10,-2,-0.05,0,38,4,0.029999999999999805,0.0,-0.07999999999999996,[industry] petrotimes: Tin nhanh chứng khoán ngày 2 6 VN Index giảm 6 phi (02 Jun 2026) -1.60 | [industry] petrotimes: Tin nhanh chứng khoán ngày 26 5 Sắc xanh bao phủ t (26 May 2026) +1.00 | [macro] petrotimes: Nhận định thị trường chứng khoán ngày 27 5 Nhà đầu (27 May 2026) +1.50,39.95,NEUTRAL,MEDIUM,[],EMA20>EMA50 +15 | Price -7%<EMA200 (below) +5 | ADX=14.23 sideways 0 | ST=7.19 bullish +5 | RSI=54.5 neutral +5 | MACD hist=0.06>0 +10 | Stoch K<69.89 cross down -3 | CMF=0.42 inflow (overbought) -8 | OBV confirms trend +4 | Vol=2.2x avg breakout +5 | PE=53.0 expensive -5 | PB=0.67 below book +5 | ROE=0.16% weak -3 | D/E=nan very high -3 | CFO=nan (sector-skip) 0 | RevG-YoY=126.0% strong +5 | ProfitG-YoY=1218.4% strong +5 | Market FAIR+downtrend -2 | News NEUTRAL -0.05 [Tin nhanh chứng khoán ngày 2 6 VN Index ... · petrotimes ·  2026]
SVD,SVD,GAINER,HSX,2026-06-05 14:20,2026-06-05,14:20,4.63,realtime,15700.0,600.0,15100.0,0.96,15700.0,600.0,0.96,4.22,4.0,44.02,3.73,4.38,5.5,9.95,5.94,66.14,0.24,0.02,0.22,84.62,79.99,3.52,4.19,4.87,0.27,0.83,5.82,1328300.0,0.31,75.12,0.6,16300.0,27215.0,,,,,5,Bán,Huỳnh Văn Quảng,2026-Q1,57.74,0.47,0.16,0.61,77.07,9486.0,0.18,0.0,2.7,0.42,0.95,1.35,0.0,50829422.0,3011275.0,299464.0,299484.0,nan,-0.0773,-0.0726,-0.0773,-0.0726,332588065.0,261856679.0,70731386.0,49958043.0,nan,0.27,nan,nan,nan,nan,nan,-5.0,-3.0,0.0,-2.0,Hàng cá nhân & Gia dụng,3700,,,,,True,FAIR,20,5,2,-5,-3,0,0,-10,-2,-2,-0.08,0,19,-12,0.0,0.0,-0.07999999999999996,[macro] petrotimes: Nhận định thị trường chứng khoán ngày 27 5 Nhà đầu (27 May 2026) +1.50,4.92,NEUTRAL,MEDIUM,[],EMA20>EMA50 +15 | Price 6%>EMA200 (extended) -5 | ADX=44.02 strong +5 | ST=3.73 bullish +5 | MACD hist=0.22>0 +10 | Stoch K=84.62 overbought -5 | CMF=0.31 inflow (overbought) -8 | MFI=75.12 strong inflow +6 | OBV confirms trend +4 | BB pos=0.83 near upper (overbought) -5 | OF pattern=WEAK -3 | PE=57.74 expensive -5 | PB=0.47 below book +5 | ROE=0.16% weak -3 | D/E=0.27 very low +3 | CFO<0 cash burn -10 | RevG-YoY=-7.7% slight decline -1 | ProfitG-YoY=-7.3% slight decline -1 | Market FAIR+downtrend -2 | News NEUTRAL -0.08 [Nhận định thị trường chứng khoán ngày 27... · petrotimes ·  2026]
HTN,HTN,GAINER,HSX,2026-06-05 14:20,2026-06-05,14:20,7.38,realtime,64500.0,82400.0,-17900.0,0.44,64500.0,82400.0,0.44,7.57,7.59,16.85,7.96,8.78,-0.26,-2.51,-15.95,44.4,-0.12,-0.07,-0.05,12.74,8.52,7.06,7.67,8.28,0.27,0.26,3.66,7100600.0,-0.41,19.4,1.26,146900.0,116750.0,,,,,5,Bán,nan,2026-Q1,42.14,0.5,-1.75,0.25,206.48,17481.0,1.38,0.0,-1.15,-27.47,1.3,0.45,75.73,139310081.0,15532800.0,16630482.0,21567664.0,187.0,-0.3931,-0.392,-0.3931,-0.392,7359552625.0,1557838423.0,5801714202.0,1408465589.0,908712638.0,3.724,590502743.0,-530422969.0,-73628953.0,60079774.0,32.09,1.0,-3.0,10.0,-6.0,Bất động sản,8600,,,,,True,FAIR,-12,3,-2,0,0,0,-6,0,-6,-2,-0.05,0,-11,-12,0.029999999999999805,0.0,-0.07999999999999996,[industry] petrotimes: Tin nhanh chứng khoán ngày 2 6 VN Index giảm 6 phi (02 Jun 2026) -1.60 | [industry] petrotimes: Tin nhanh chứng khoán ngày 26 5 Sắc xanh bao phủ t (26 May 2026) +1.00 | [macro] petrotimes: Nhận định thị trường chứng khoán ngày 27 5 Nhà đầu (27 May 2026) +1.50,-25.05,SELL,MEDIUM,[],EMA20<EMA50 -15 | Price -16%<EMA200 (oversold) +8 | ADX=16.85 sideways 0 | ST=7.96 bearish -5 | RSI=44.4 neutral +5 | MACD hist=-0.05<0 -10 | Stoch K=12.74 oversold +5 | Stoch K>8.52 cross up +3 | CMF=-0.41 outflow (oversold) +8 | MFI=19.4 weak -6 | OBV divergence -4 | PE=42.14 expensive -5 | PB=0.5 below book +5 | ROE=-1.75% weak -3 | D/E=3.724 very high -3 | CFO=590502743 (sector-skip) 0 | RevG-YoY=-39.3% declining -3 | ProfitG-YoY=-39.2% declining -3 | Market FAIR+downtrend -2 | News NEUTRAL -0.05 [Tin nhanh chứng khoán ngày 2 6 VN Index ... · petrotimes ·  2026]
CCC,CCC,GAINER,HSX,2026-06-05 14:20,2026-06-05,14:20,7.68,realtime,1700.0,3900.0,-2200.0,0.3,1700.0,3900.0,0.3,7.86,8.25,32.0,8.57,11.63,-4.73,-2.29,-33.96,43.69,-0.12,-0.03,-0.09,34.8,39.97,7.48,7.95,8.42,0.33,0.21,4.3,1859609.0,0.04,80.87,0.29,5600.0,19310.0,,,,,1,Bán,Lê Hồng Lĩnh,,nan,nan,nan,nan,nan,nan,nan,nan,nan,nan,nan,nan,nan,nan,nan,nan,nan,nan,nan,nan,nan,nan,nan,nan,nan,nan,nan,nan,nan,nan,nan,nan,nan,nan,nan,nan,nan,Xây dựng và Vật liệu,2300,,,,,True,FAIR,-7,-8,-1,0,-3,0,-3,-10,0,-2,-0.05,0,-19,-13,0.029999999999999805,0.0,-0.07999999999999996,[industry] vietstock: Nghị quyết 09 xác lập các trụ cột để TPHCM phát tr (26 May 2026) +1.56 | [industry] nld: Phát huy vai trò của HĐND trong xây dựng cơ chế độ (28 May 2026) +1.35 | [macro] petrotimes: Nhận định thị trường chứng khoán ngày 27 5 Nhà đầu (27 May 2026) +1.50,-34.05,SELL,MEDIUM,[],EMA20<EMA50 -15 | Price -34%<EMA200 (oversold) +8 | ADX=32.0 strong +5 | ST=8.57 bearish -5 | RSI=43.69 neutral +5 | MACD hist=-0.09<0 -10 | Stoch K<39.97 cross down -3 | MFI=80.87 strong inflow +6 | OBV divergence -4 | Vol=0.29x avg weak -3 | OF pattern=WEAK -3 | D/E=nan very high -3 | CFO<0 cash burn -10 | Market FAIR+downtrend -2 | News NEUTRAL -0.05 [Nghị quyết 09 xác lập các trụ cột để TPH... · vietstock ·  2026]
VIC,VIC,GAINER,HSX,2026-06-05 14:20,2026-06-05,14:20,207.6,realtime,33600.0,61900.0,-28300.0,0.35,1631300.0,1189800.0,0.58,209.36,196.23,23.98,193.4,139.61,6.69,-0.84,48.7,50.37,1.05,-3.78,4.83,27.33,17.62,197.2,215.78,234.37,9.73,0.28,4.69,106336109.0,0.09,36.61,0.79,2829900.0,3578005.0,,,,,5,Bán,nan,2026-Q1,49.13,8.66,4.32,1.38,1785.27,19584.0,1.12,0.0,22.68,2.19,0.77,2.35,33.09,46312274000.0,2917635000.0,-580986000.0,-13907759000.0,nan,-0.449,-1.0833,-0.449,-1.0833,1121457028000.0,151455224000.0,970001804000.0,113955484000.0,221434236000.0,6.405,69244889000.0,-139928403000.0,101619123000.0,-70683514000.0,6.1,-7.0,-11.0,10.0,-6.0,Bất động sản,8600,,,,,True,FAIR,12,18,-2,0,0,0,-14,0,-6,-2,-0.02,0,28,-20,0.029999999999999805,0.029999999999999805,-0.07999999999999996,"[mention] cafebiz: Bức tranh sôi động của tỉnh tăng trưởng nhanh nhất (05 Jun 2026) +1.20 | [mention] tuoitre: Gửi ngân hàng, cho đối tác vay, tập đoàn của các t (04 Jun 2026) +1.20 | [industry] petrotimes: Tin nhanh chứng khoán ngày 2 6 VN Index giảm 6 phi (02 Jun 2026) -1.60",5.98,NEUTRAL,MEDIUM,[],EMA20>EMA50 +15 | Price 49%>EMA200 (overextended) -8 | ST=193.4 bullish +5 | RSI=50.37 neutral +5 | MACD hist=4.83>0 +10 | Stoch K>17.62 cross up +3 | MFI=36.61 weak -6 | OBV confirms trend +4 | PE=49.13 expensive -5 | PB=8.66 expensive -3 | ROE=4.32% weak -3 | D/E=6.405 very high -3 | CFO=69244889000 (sector-skip) 0 | RevG-YoY=-44.9% declining -3 | ProfitG-YoY=-108.3% declining -3 | Market FAIR+downtrend -2 | News NEUTRAL -0.02 [Bức tranh sôi động của tỉnh tăng trưởng ... · cafebiz ·  2026]
TCO,TCO,GAINER,HSX,2026-06-05 14:20,2026-06-05,14:20,12.65,realtime,12100.0,25400.0,-13300.0,0.32,12100.0,25400.0,0.32,14.1,13.76,24.55,15.07,11.87,2.47,-10.28,6.57,36.43,-0.41,-0.35,-0.05,14.29,19.73,12.48,14.59,16.7,0.75,0.04,5.93,13914200.0,-0.1,26.25,0.14,37500.0,266110.0,,,,,5,Mua,Nguyễn Thái Huy,2026-Q1,32.1497724173,1.1448401009,3.65720411,1.13701375,nan,nan,nan,0.0,8.03166437,1.5350410700000001,0.8536684325,nan,16.8215331209,nan,nan,nan,nan,nan,nan,nan,nan,nan,nan,nan,nan,nan,nan,nan,nan,nan,nan,nan,nan,-5.0,-5.0,0.0,0.0,Thực phẩm và đồ uống,3500,,,,,True,FAIR,5,-5,-5,5,-3,0,-8,-10,0,-2,-0.08,0,-3,-18,0.0,0.0,-0.07999999999999996,[mention] thanhnien: Bước ngoặt hậu tái cấu trúc: Janus Group thiết lập (25 May 26 1) +0.00 | [macro] petrotimes: Nhận định thị trường chứng khoán ngày 27 5 Nhà đầu (27 May 2026) +1.50,-23.08,SELL,MEDIUM,[],EMA20>EMA50 +15 | Price 7%>EMA200 (extended) -5 | ST=15.07 bearish -5 | MACD hist=-0.05<0 -10 | Stoch K=14.29 oversold +5 | MFI=26.25 weak -6 | OBV confirms trend +4 | Vol=0.14x avg weak -3 | BB pos=0.04 near lower (oversold) +5 | OF pattern=WEAK -3 | PE=32.1497724173 expensive -5 | PB=1.1448401009 fair +3 | ROE=3.65720411% weak -3 | D/E=nan very high -3 | CFO<0 cash burn -10 | Market FAIR+downtrend -2 | News NEUTRAL -0.08 [Bước ngoặt hậu tái cấu trúc: Janus Group... · thanhnien ·  26 1]
TNT,TNT,GAINER,HSX,2026-06-05 14:20,2026-06-05,14:20,10.8,realtime,15300.0,1500.0,13800.0,0.91,15300.0,1500.0,0.91,10.35,9.98,14.77,12.07,8.6,3.71,4.35,25.58,56.94,0.11,-0.04,0.15,38.67,31.15,9.58,10.43,11.28,0.72,0.72,6.67,11727100.0,0.13,49.93,0.21,17800.0,86140.0,,,,,5,Mua,Nguyễn Bá Huấn,2026-Q1,32.51,0.69,0.9,1.66,266.41,12640.0,0.97,0.0,5.41,1.81,2.34,5.65,31.25,131736121.0,1171544.0,651362.0,1421693.0,130.0,0.2881,-0.8895,0.2881,-0.8895,832849837.0,nan,188230876.0,70605589.0,520000.0,nan,nan,nan,nan,nan,nan,-1.0,-3.0,0.0,2.0,Xây dựng và Vật liệu,2300,,,,,True,FAIR,2,18,-7,0,-3,0,-6,-10,2,-2,-0.05,0,10,-14,0.029999999999999805,0.0,-0.07999999999999996,[mention] tuoitre: Tiếng nổ kép trên bầu trời Mỹ từ thiên thạch tương (01 Jun 2026) +0.00 | [industry] vietstock: Nghị quyết 09 xác lập các trụ cột để TPHCM phát tr (26 May 2026) +1.56 | [industry] nld: Phát huy vai trò của HĐND trong xây dựng cơ chế độ (28 May 2026) +1.35,-6.05,NEUTRAL,MEDIUM,[],EMA20>EMA50 +15 | Price 26%>EMA200 (overextended) -8 | ADX=14.77 sideways 0 | ST=12.07 bearish -5 | RSI=56.94 neutral +5 | MACD hist=0.15>0 +10 | Stoch K>31.15 cross up +3 | CMF=0.13 inflow (overbought) -8 | OBV confirms trend +4 | Vol=0.21x avg weak -3 | OF pattern=WEAK -3 | PE=32.51 expensive -5 | PB=0.69 below book +5 | ROE=0.9% weak -3 | D/E=nan very high -3 | CFO<0 cash burn -10 | RevG-YoY=28.8% strong +5 | ProfitG-YoY=-88.9% declining -3 | Market FAIR+downtrend -2 | News NEUTRAL -0.05 [Tiếng nổ kép trên bầu trời Mỹ từ thiên t... · tuoitre ·  2026]
DAH,DAH,GAINER,HSX,2026-06-05 14:20,2026-06-05,14:20,3.34,realtime,35500.0,71400.0,-35900.0,0.33,35500.0,71400.0,0.33,2.91,2.93,25.31,2.95,3.33,-0.68,14.78,0.3,79.63,0.1,0.09,0.02,94.39,96.34,2.29,2.79,3.29,0.13,1.0,3.89,3799000.0,0.2,84.21,0.93,108900.0,117570.0,,,,,5,Bán,Phạm Phan Anh,2026-Q1,-4.45,0.37,-7.26,-6.65,-832.01,10122.0,0.57,0.0,5.43,-396.97,1.51,-18.98,0.0,13597004.0,2550857.0,-975511.0,3024451.0,-11.59,0.2078,0.6444,0.2078,0.6444,997098579.0,852244739.0,144853840.0,14912841.0,120202713.0,0.17,357104.0,29846058.0,-22877132.0,30203162.0,-0.01,7.0,-3.0,0.0,10.0,Du lịch và Giải trí,5700,,,,,True,FAIR,-5,-8,-6,-5,-3,0,0,0,10,-2,-0.05,0,-27,10,0.029999999999999805,0.0,-0.07999999999999996,"[industry] dantri: Du lịch Việt lập kỷ lục mới trong tháng 5, khách N (03 Jun 2026) +1.35 | [industry] vnexpress: UAE rót hàng tỷ USD làm du lịch bất chấp xung đột  (28 May 2026) -1.00 | [macro] petrotimes: Nhận định thị trường chứng khoán ngày 27 5 Nhà đầu (27 May 2026) +1.50",-19.05,SELL,MEDIUM,[],EMA20<EMA50 -15 | ADX=25.31 strong +5 | ST=2.95 bullish +5 | RSI=79.63 overbought -10 | MACD hist=0.02>0 +10 | Stoch K=94.39 overbought -5 | Stoch K<96.34 cross down -3 | CMF=0.2 inflow (overbought) -8 | MFI=84.21 strong inflow +6 | OBV divergence -4 | BB pos=1.0 near upper (overbought) -5 | OF pattern=WEAK -3 | PE=-4.45 negative (loss) -5 | PB=0.37 below book +5 | ROE=-7.26% weak -3 | D/E=0.17 very low +3 | CFO>0 real cash +5 | CF quality=-0.01 low -5 | RevG-YoY=20.8% strong +5 | ProfitG-YoY=64.4% strong +5 | Market FAIR+downtrend -2 | News NEUTRAL -0.05 [Du lịch Việt lập kỷ lục mới trong tháng ... · dantri ·  2026]
VNE,VNE,LOSER,HSX,2026-06-05 14:20,2026-06-05,14:20,2.65,realtime,130700.0,211100.0,-80400.0,0.38,372000.0,566500.0,0.4,3.02,3.48,29.02,3.43,4.94,-13.22,-12.25,-46.36,38.42,-0.17,0.04,-0.2,45.71,58.16,2.44,2.91,3.37,0.23,0.23,8.68,7489400.0,0.02,45.15,0.57,952300.0,1661510.0,,,,,5,Mua,Đỗ Ngọc Long,2026-Q1,6.88,0.55,28.62,2.09,801.76,10015.0,1.27,0.0,16.04,70.24,0.84,23.49,8.72,76154492.0,-29433224.0,-65786366.0,-76593119.0,-803.0,0.1556,-1.9702,0.1556,-1.9702,3149468908.0,821780642.0,2327688267.0,896541731.0,543717345.0,2.832,141905505.0,-18570757.0,-135373574.0,123334748.0,1.59,28.0,18.0,10.0,0.0,Xây dựng và Vật liệu,2300,,,,,True,FAIR,-7,-13,-4,0,-3,0,18,10,0,-2,-0.05,0,-27,28,0.029999999999999805,0.0,-0.07999999999999996,[industry] vietstock: Nghị quyết 09 xác lập các trụ cột để TPHCM phát tr (26 May 2026) +1.56 | [industry] nld: Phát huy vai trò của HĐND trong xây dựng cơ chế độ (28 May 2026) +1.35 | [macro] petrotimes: Nhận định thị trường chứng khoán ngày 27 5 Nhà đầu (27 May 2026) +1.50,-1.05,NEUTRAL,MEDIUM,[],EMA20<EMA50 -15 | Price -46%<EMA200 (oversold) +8 | ADX=29.02 strong +5 | ST=3.43 bearish -5 | MACD hist=-0.2<0 -10 | Stoch K<58.16 cross down -3 | OBV divergence -4 | OF pattern=WEAK -3 | PE=6.88 very cheap +10 | PB=0.55 below book +5 | ROE=28.62% excellent +5 | D/E=2.832 high -2 | CFO>0 real cash +5 | CF quality=1.59 high +5 | RevG-YoY=15.6% good +3 | ProfitG-YoY=-197.0% declining -3 | Market FAIR+downtrend -2 | News NEUTRAL -0.05 [Nghị quyết 09 xác lập các trụ cột để TPH... · vietstock ·  2026]
DBT,DBT,LOSER,HSX,2026-06-05 14:20,2026-06-05,14:20,10.8,realtime,4800.0,2600.0,2200.0,0.65,4800.0,2600.0,0.65,11.93,11.61,28.91,11.74,11.39,2.76,-9.47,-5.18,27.71,0.03,-0.22,0.25,0.0,17.28,11.06,12.15,13.25,0.28,0.0,2.59,759511.0,0.65,77.4,0.19,7400.0,38075.0,,,,,5,Bán,Nguyễn Thái Dương,2026-Q1,14.54,0.85,0.87,1.64,773.99,13227.0,0.05,0.0,31.63,1.14,0.5,1.81,25.24,243175120.0,95247659.0,10355059.0,11962464.0,nan,0.5082,2.8991,0.5082,2.8991,990017067.0,290608652.0,699408415.0,533741158.0,14924635.0,2.407,-10851182.0,20244933.0,3589866.0,9393751.0,-0.76,9.0,9.0,-10.0,10.0,Y tế,4500,,,,,True,FAIR,20,23,-1,5,3,0,7,-10,10,-2,-0.08,5,50,7,0.0,0.0,-0.07999999999999996,[macro] petrotimes: Nhận định thị trường chứng khoán ngày 27 5 Nhà đầu (27 May 2026) +1.50,59.92,BUY,MEDIUM,[],EMA20>EMA50 +15 | Price -5%<EMA200 (below) +5 | ADX=28.91 strong +5 | ST=11.74 bearish -5 | RSI=27.71 oversold +15 | MACD hist=0.25>0 +10 | Stoch K=0.0 oversold +5 | CMF=0.65 inflow (overbought) -8 | MFI=77.4 strong inflow +6 | OBV confirms trend +4 | Vol=0.19x avg weak -3 | BB pos=0.0 near lower (oversold) +5 | OF vol+622% buy 0.65 | PE=14.54 cheap +7 | PB=0.85 below book +5 | ROE=0.87% weak -3 | D/E=2.407 high -2 | CFO<0 cash burn -10 | CF quality=-0.76 low -5 | RevG-YoY=50.8% strong +5 | ProfitG-YoY=289.9% strong +5 | Market FAIR+downtrend -2 | News NEUTRAL -0.08 [Nhận định thị trường chứng khoán ngày 27... · petrotimes ·  2026] | CONFLUENCE bull (6/10 groups) +5
TPC,TPC,LOSER,HSX,2026-06-05 14:20,2026-06-05,14:20,6.41,realtime,0.0,1147200.0,-1147200.0,0.0,0.0,1147200.0,0.0,9.29,10.69,47.28,7.94,nan,-13.1,-31.0,nan,15.42,-1.41,-0.33,-1.08,0.33,2.8,6.33,9.56,12.78,0.49,0.01,7.64,-5387200.0,0.11,12.96,30.88,1147200.0,37145.0,,,,,5,Bán,Trần Hữu Vinh,2026-Q1,25.11,1.04,0.22,2.43,527.63,12735.0,0.21,0.0,6.37,0.54,1.8,1.4,0.0,120406782.0,8687213.0,2052989.0,1999251.0,91.0,0.0946,-0.4881,0.0946,-0.4881,463062675.0,264967035.0,198095640.0,156846591.0,nan,0.748,nan,nan,nan,nan,nan,-7.0,-5.0,0.0,-2.0,Hóa chất,1300,,,,,True,FAIR,-15,10,-5,5,-3,0,-4,-10,-2,-2,-0.06,0,-8,-16,0.020000000000000018,0.0,-0.07999999999999996,"[industry] petrotimes: PVCFC và Samsung C T tăng cường hợp tác mở rộng cơ (02 Jun 2026) +1.00 | [industry] vnexpress: Điểm tin 6h: Tổng Bí thư, Chủ tịch nước Tô Lâm hội (29 May 2026) +0.80 | [macro] petrotimes: Nhận định thị trường chứng khoán ngày 27 5 Nhà đầu (27 May 2026) +1.50",-26.06,SELL,MEDIUM,[],EMA20<EMA50 -15 | ADX=47.28 strong +5 | ST=7.94 bearish -5 | RSI=15.42 oversold +15 | MACD hist=-1.08<0 -10 | Stoch K=0.33 oversold +5 | CMF=0.11 inflow (overbought) -8 | MFI=12.96 weak -6 | OBV confirms trend +4 | Vol=30.88x avg breakout +5 | BB pos=0.01 near lower (oversold) +5 | OF vol+147926% sell 0.00 | PE=25.11 expensive -5 | PB=1.04 fair +3 | ROE=0.22% weak -3 | D/E=0.748 healthy +1 | CFO<0 cash burn -10 | RevG-YoY=9.5% positive +1 | ProfitG-YoY=-48.8% declining -3 | Market FAIR+downtrend -2 | News NEUTRAL -0.06 [PVCFC và Samsung C T tăng cường hợp tác ... · petrotimes ·  2026]
CDC,CDC,LOSER,HSX,2026-06-05 14:20,2026-06-05,14:20,17.95,realtime,12100.0,21800.0,-9700.0,0.36,12100.0,21800.0,0.36,20.05,19.07,34.89,21.42,16.55,5.14,-10.47,8.46,33.27,0.07,-0.49,0.56,6.2,10.68,18.74,20.82,22.9,0.99,0.0,5.52,15748363.0,0.46,40.06,0.22,35100.0,163245.0,,,,,5,Mua,Văn Minh Hoàng,2026-Q1,41.68,1.51,1.28,0.86,598.63,16514.0,0.18,0.0,1.97,4.27,1.46,1.83,92.68,229496271.0,13921763.0,2025964.0,1900211.0,22.0,-0.1065,0.1284,-0.1065,0.1284,2962252262.0,871479357.0,2090772906.0,768012666.0,734075737.0,2.399,nan,nan,nan,nan,nan,-5.0,-5.0,0.0,0.0,Xây dựng và Vật liệu,2300,,,,,True,FAIR,10,15,-7,5,-3,0,-7,-10,0,-2,-0.27,0,20,-17,0.029999999999999805,-0.21999999999999997,-0.07999999999999996,"[mention] dantri: Người phụ nữ bị phạt 7,5 triệu đồng vì chia sẻ nội (04 Jun 2026) -0.54 | [industry] vietstock: Nghị quyết 09 xác lập các trụ cột để TPHCM phát tr (26 May 2026) +1.56 | [industry] nld: Phát huy vai trò của HĐND trong xây dựng cơ chế độ (28 May 2026) +1.35",0.73,NEUTRAL,MEDIUM,[],"EMA20>EMA50 +15 | Price 8%>EMA200 (extended) -5 | ADX=34.89 strong +5 | ST=21.42 bearish -5 | MACD hist=0.56>0 +10 | Stoch K=6.2 oversold +5 | CMF=0.46 inflow (overbought) -8 | OBV confirms trend +4 | Vol=0.22x avg weak -3 | BB pos=0.0 near lower (oversold) +5 | OF pattern=WEAK -3 | PE=41.68 expensive -5 | PB=1.51 fair +3 | ROE=1.28% weak -3 | D/E=2.399 high -2 | CFO<0 cash burn -10 | RevG-YoY=-10.7% declining -3 | ProfitG-YoY=12.8% good +3 | Market FAIR+downtrend -2 | News NEUTRAL -0.27 [Người phụ nữ bị phạt 7,5 triệu đồng vì c... · dantri ·  2026]"
HQC,HQC,LOSER,HSX,2026-06-05 14:20,2026-06-05,14:20,2.61,realtime,184800.0,418500.0,-233700.0,0.31,1320900.0,3688200.0,0.26,2.56,2.58,23.04,2.59,3.01,-0.78,1.95,-13.29,54.08,0.03,0.03,-0.0,66.67,80.89,2.29,2.52,2.75,0.08,0.7,3.07,62813400.0,-0.09,61.75,1.5,5225800.0,3495020.0,,,,,5,Mua,Nguyễn Thị Diệu Phương,2026-Q1,23.49,0.32,1.01,0.76,128.14,9481.0,1.07,0.0,13.67,298.13,1.58,3.15,27.88,nan,nan,nan,nan,nan,nan,nan,nan,nan,8975340551.0,5466930618.0,3508409933.0,720827680.0,510932446.0,0.642,nan,nan,nan,nan,nan,5.0,5.0,0.0,0.0,Bất động sản,8600,,,,,True,FAIR,-5,-8,2,0,-3,0,6,0,0,-2,0.25,0,-14,6,0.029999999999999805,0.2999999999999998,-0.07999999999999996,[mention] cafebiz: Cổ phiếu Địa ốc Hoàng Quân (HQC) có biến (01 Jun 2026) +0.75 | [industry] petrotimes: Tin nhanh chứng khoán ngày 2 6 VN Index giảm 6 phi (02 Jun 2026) -1.60 | [industry] petrotimes: Tin nhanh chứng khoán ngày 26 5 Sắc xanh bao phủ t (26 May 2026) +1.00,-9.75,NEUTRAL,LOW,['UNCLEAR'],EMA20<EMA50 -15 | Price -13%<EMA200 (below) +5 | ST=2.59 bullish +5 | RSI=54.08 neutral +5 | MACD hist=-0.0<0 -10 | Stoch K<80.89 cross down -3 | MFI=61.75 strong inflow +6 | OBV divergence -4 | OF pattern=WEAK -3 | PE=23.49 fair +3 | PB=0.32 below book +5 | ROE=1.01% weak -3 | D/E=0.642 healthy +1 | CFO=nan (sector-skip) 0 | Market FAIR+downtrend -2 | News NEUTRAL +0.25 [Cổ phiếu Địa ốc Hoàng Quân (HQC) có biến... · cafebiz ·  2026]
TDM,TDM,LOSER,HSX,2026-06-05 14:20,2026-06-05,14:20,59.0,realtime,0.0,400.0,-400.0,0.0,0.0,400.0,0.0,58.12,57.24,18.34,54.93,56.64,1.54,1.51,4.17,54.7,0.76,0.27,0.49,71.93,75.99,55.02,57.76,60.5,2.34,0.73,3.97,470157.0,0.08,47.85,0.04,500.0,13470.0,,,,,5,Mua,Dương Anh Thư,2026-Q1,29.99,2.45,0.4,6.33,1900.54,23266.0,0.2,0.02,14.0,4.28,1.62,1.99,0.0,nan,nan,nan,nan,nan,nan,nan,nan,nan,nan,nan,nan,nan,nan,nan,nan,nan,nan,nan,nan,-8.0,-8.0,0.0,0.0,"Điện, nước & xăng dầu khí đốt",7500,,,,,True,FAIR,20,12,1,0,-3,0,-11,-10,0,-2,-0.08,0,30,-21,0.0,0.0,-0.07999999999999996,[mention] vnexpress: Trường Đại học Thủ Dầu Một xét tuyển 4 phương thức (26 May 2026) +0.00 | [macro] petrotimes: Nhận định thị trường chứng khoán ngày 27 5 Nhà đầu (27 May 2026) +1.50,6.92,NEUTRAL,MEDIUM,[],EMA20>EMA50 +15 | ADX=18.34 sideways 0 | ST=54.93 bullish +5 | RSI=54.7 neutral +5 | MACD hist=0.49>0 +10 | Stoch K<75.99 cross down -3 | OBV confirms trend +4 | Vol=0.04x avg weak -3 | OF pattern=WEAK -3 | PE=29.99 expensive -5 | PB=2.45 neutral 0 | ROE=0.4% weak -3 | D/E=nan very high -3 | CFO<0 cash burn -10 | Market FAIR+downtrend -2 | News NEUTRAL -0.08 [Trường Đại học Thủ Dầu Một xét tuyển 4 p... · vnexpress ·  2026]
NNC,NNC,LOSER,HSX,2026-06-05 14:20,2026-06-05,14:20,44.25,realtime,5700.0,14200.0,-8500.0,0.29,5700.0,14200.0,0.29,46.21,47.52,22.47,43.23,48.57,-2.76,-4.24,-8.89,35.45,-0.19,-0.07,-0.12,40.45,56.43,43.32,45.99,48.67,1.4,0.17,3.16,-17621.0,0.74,47.11,0.6,19900.0,32900.0,,,,,5,Mua,,2026-Q1,10.54,2.77,8.73,23.48,6293.29,23935.0,0.28,0.02,48.31,34.15,3.65,-133.27,0.0,91481257.0,55082473.0,35075121.0,46100398.0,nan,0.3044,1.1591,0.3044,1.1591,658943388.0,524657903.0,134285485.0,nan,28888889.0,0.256,nan,nan,nan,nan,nan,17.0,7.0,0.0,10.0,Xây dựng và Vật liệu,2300,,,,,True,FAIR,-5,-13,-4,5,-3,0,10,-10,10,-2,-0.05,0,-20,10,0.029999999999999805,0.0,-0.07999999999999996,[industry] vietstock: Nghị quyết 09 xác lập các trụ cột để TPHCM phát tr (26 May 2026) +1.56 | [industry] nld: Phát huy vai trò của HĐND trong xây dựng cơ chế độ (28 May 2026) +1.35 | [macro] petrotimes: Nhận định thị trường chứng khoán ngày 27 5 Nhà đầu (27 May 2026) +1.50,-12.05,NEUTRAL,MEDIUM,[],EMA20<EMA50 -15 | Price -9%<EMA200 (below) +5 | ST=43.23 bullish +5 | MACD hist=-0.12<0 -10 | Stoch K<56.43 cross down -3 | CMF=0.74 inflow (overbought) -8 | OBV confirms trend +4 | BB pos=0.17 near lower (oversold) +5 | OF pattern=WEAK -3 | PE=10.54 cheap +7 | PB=2.77 neutral 0 | D/E=0.256 very low +3 | CFO<0 cash burn -10 | RevG-YoY=30.4% strong +5 | ProfitG-YoY=115.9% strong +5 | Market FAIR+downtrend -2 | News NEUTRAL -0.05 [Nghị quyết 09 xác lập các trụ cột để TPH... · vietstock ·  2026]
FUEMAVND,FUEMAVND,LOSER,HSX,2026-06-05 14:20,2026-06-05,14:20,14.9,realtime,200.0,89800.0,-89600.0,0.0,200.0,89800.0,0.0,15.35,15.52,28.35,15.93,15.74,-1.1,-2.93,-5.34,35.54,-0.1,-0.02,-0.08,51.65,54.99,15.02,15.37,15.73,0.33,0.0,2.21,530600.0,0.64,10.58,4.92,90000.0,18305.0,,,,,4,Mua,,nan,nan,nan,nan,nan,nan,nan,nan,nan,nan,nan,nan,nan,nan,nan,nan,nan,nan,nan,nan,nan,nan,nan,nan,nan,nan,nan,nan,nan,nan,nan,nan,nan,nan,nan,nan,nan,nan,Dịch vụ tài chính,8700,,,,,True,FAIR,-10,-13,-13,5,-3,0,0,0,0,-2,-0.07,0,-34,0,0.009999999999999787,0.0,-0.07999999999999996,[industry] tuoitre: Chứng khoán 2-6: Nên làm gì khi thị trường rơi vào (02 Jun 2026) +2.50 | [industry] petrotimes: Tin nhanh chứng khoán ngày 2 6 VN Index giảm 6 phi (02 Jun 2026) -1.60 | [macro] petrotimes: Nhận định thị trường chứng khoán ngày 27 5 Nhà đầu (27 May 2026) +1.50,-36.07,SELL,MEDIUM,[],EMA20<EMA50 -15 | Price -5%<EMA200 (below) +5 | ADX=28.35 strong +5 | ST=15.93 bearish -5 | MACD hist=-0.08<0 -10 | Stoch K<54.99 cross down -3 | CMF=0.64 inflow (overbought) -8 | MFI=10.58 weak -6 | OBV divergence -4 | Vol=4.92x avg breakout +5 | BB pos=0.0 near lower (oversold) +5 | OF vol+1146% sell 0.00 | CFO=nan (sector-skip) 0 | Market FAIR+downtrend -2 | News NEUTRAL -0.07 [Chứng khoán 2-6: Nên làm gì khi thị trườ... · tuoitre ·  2026]
TDH,TDH,LOSER,HSX,2026-06-05 14:20,2026-06-05,14:20,3.75,realtime,14800.0,56100.0,-41300.0,0.21,14800.0,56100.0,0.21,3.87,3.9,13.67,4.17,4.28,-0.77,-3.1,-12.38,42.75,-0.04,-0.01,-0.03,43.14,53.18,3.69,3.87,4.05,0.15,0.17,4.0,12769700.0,0.06,47.64,0.65,70900.0,108935.0,,,,,5,Mua,Lê Ngọc Xuân,2026-Q1,4.45,2.68,4.05,16.08,981.6,1628.0,0.87,0.0,22.25,10.85,0.29,380.27,0.0,17829115.0,6142579.0,13271303.0,-3719736.0,118.0,1.2303,1.3405,1.2303,1.3405,685360737.0,183414858.0,501945878.0,nan,849997.0,2.737,-23754320.0,-8329416.0,3349997.0,-32083736.0,-0.22,7.0,7.0,-10.0,10.0,Bất động sản,8600,,,,,True,FAIR,-15,-8,-4,5,-3,0,5,0,10,-2,-0.05,0,-25,15,0.029999999999999805,0.0,-0.07999999999999996,[industry] petrotimes: Tin nhanh chứng khoán ngày 2 6 VN Index giảm 6 phi (02 Jun 2026) -1.60 | [industry] petrotimes: Tin nhanh chứng khoán ngày 26 5 Sắc xanh bao phủ t (26 May 2026) +1.00 | [macro] petrotimes: Nhận định thị trường chứng khoán ngày 27 5 Nhà đầu (27 May 2026) +1.50,-12.05,NEUTRAL,MEDIUM,[],EMA20<EMA50 -15 | Price -12%<EMA200 (below) +5 | ADX=13.67 sideways 0 | ST=4.17 bearish -5 | RSI=42.75 neutral +5 | MACD hist=-0.03<0 -10 | Stoch K<53.18 cross down -3 | OBV divergence -4 | BB pos=0.17 near lower (oversold) +5 | OF pattern=WEAK -3 | PE=4.45 very cheap +10 | PB=2.68 neutral 0 | ROE=4.05% weak -3 | D/E=2.737 high -2 | CFO=-23754320 (sector-skip) 0 | RevG-YoY=123.0% strong +5 | ProfitG-YoY=134.1% strong +5 | Market FAIR+downtrend -2 | News NEUTRAL -0.05 [Tin nhanh chứng khoán ngày 2 6 VN Index ... · petrotimes ·  2026]
VVS,VVS,LOSER,HSX,2026-06-05 14:20,2026-06-05,14:20,121.1,realtime,11800.0,40700.0,-28900.0,0.22,13300.0,53000.0,0.2,117.64,115.6,13.8,106.85,78.46,1.76,2.94,54.35,53.81,1.61,1.48,0.13,79.87,84.97,102.58,114.65,126.72,6.36,0.77,5.25,3786535.0,0.1,66.83,0.73,97800.0,133820.0,,,,,5,Bán,Nguyễn Phi Long,2026-Q1,4.32,2.14,26.94,7.64,15150.23,30538.0,0.92,0.02,8.99,5.99,0.97,17.1,0.0,2078204040.0,124626318.0,55068513.0,69012122.0,2558.0,0.8292,1.1134,0.8292,1.1134,5116020761.0,657331672.0,4458689089.0,557846793.0,nan,6.783,2133454391.0,-2418137418.0,259976729.0,-284683027.0,6.64,35.0,15.0,10.0,10.0,Ô tô và phụ tùng,3300,,,,,True,FAIR,12,12,10,0,-3,0,12,10,10,-2,-0.09,5,31,32,-0.010000000000000009,0.0,-0.07999999999999996,[industry] petrotimes: Tăng trưởng xanh thúc đẩy nhu cầu điện tại Đông Na (25 May 2026) +1.00 | [industry] tuoitre: Bắt giữ người đập phá hơn 10 tủ đổi pin xe điện ở  (02 Jun 2026) -0.80 | [macro] petrotimes: Nhận định thị trường chứng khoán ngày 27 5 Nhà đầu (27 May 2026) +1.50,65.91,BUY,HIGH,['CONSENSUS_BULL'],EMA20>EMA50 +15 | Price 54%>EMA200 (overextended) -8 | ADX=13.8 sideways 0 | ST=106.85 bullish +5 | RSI=53.81 neutral +5 | MACD hist=0.13>0 +10 | Stoch K<84.97 cross down -3 | MFI=66.83 strong inflow +6 | OBV confirms trend +4 | OF pattern=WEAK -3 | PE=4.32 very cheap +10 | PB=2.14 neutral 0 | ROE=26.94% excellent +5 | D/E=6.783 very high -3 | CFO>0 real cash +5 | CF quality=6.64 high +5 | RevG-YoY=82.9% strong +5 | ProfitG-YoY=111.3% strong +5 | Market FAIR+downtrend -2 | News NEUTRAL -0.09 [Tăng trưởng xanh thúc đẩy nhu cầu điện t... · petrotimes ·  2026] | CONFLUENCE bull (6/10 groups) +5
