symbol,exchange,decision,confidence,entry_style,price,entry_low,entry,entry_high,stop_loss,risk_pct,tp1,tp2,rr_tp1,rr_headroom,size_hint,nearest_support,nearest_resist,levels_used,flags,skip
ACB,HSX,STRONG SELL,MEDIUM,PULLBACK,21.15,21.1,21.1,21.15,20.85,1.18,21.45,22.1,1.4,3.2,NO_TRADE,21.1,21.9,"ema20,ema50,bb,poc_vol,value_area_low,supertrend,low_5d,atr","TP2_FORCED_GAP,REF_ONLY",not_buy
ANV,HSX,NEUTRAL,MEDIUM,PULLBACK,15.65,15.1,15.15,15.65,14.9,1.65,15.5,15.95,1.4,4.6,NO_TRADE,15.14,16.3,"ema20,ema50,bb,poc_vol,value_area_low,supertrend,low_5d,atr","VALUE_OPPORTUNITY,TP2_FORCED_GAP,REF_ONLY",not_buy
BAF,HSX,NEUTRAL,MEDIUM,PULLBACK,31.5,31.4,31.4,31.5,30.95,1.43,32.05,33.0,1.44,0.67,NO_TRADE,31.41,31.7,"ema20,ema50,bb,poc_vol,value_area_low,supertrend,low_5d,atr","TP2_FORCED_GAP,TIGHT_HEADROOM,REF_ONLY",not_buy
BCM,HSX,SELL,MEDIUM,PULLBACK,40.1,40.0,40.0,40.1,38.95,2.62,41.55,42.8,1.48,0.24,NO_TRADE,40.0,40.25,"ema20,ema50,bb,poc_vol,value_area_low,supertrend,low_5d,atr","TP2_FORCED_GAP,TIGHT_HEADROOM,REF_ONLY",not_buy
BID,HSX,NEUTRAL,MEDIUM,PULLBACK,36.05,36.0,36.0,36.05,35.6,1.11,36.55,37.65,1.37,0.75,NO_TRADE,36.0,36.3,"ema20,ema50,bb,poc_vol,value_area_low,supertrend,low_5d,atr","TP2_FORCED_GAP,TIGHT_HEADROOM,REF_ONLY",not_buy
BMP,HSX,NEUTRAL,MEDIUM,PULLBACK,142.9,142.3,142.3,142.9,138.2,2.88,148.4,,1.49,1.12,NO_TRADE,142.3,146.9,"ema20,ema50,bb,poc_vol,value_area_low,supertrend,low_5d,atr","SINGLE_TP_ONLY,TIGHT_HEADROOM,REF_ONLY",not_buy
BSI,HSX,SELL,MEDIUM,PULLBACK,25.9,25.7,25.7,25.9,25.3,1.56,26.25,27.05,1.38,3.0,NO_TRADE,25.7,26.9,"ema20,ema50,bb,poc_vol,value_area_low,supertrend,low_5d,atr","TP2_FORCED_GAP,REF_ONLY",not_buy
BSR,HSX,BUY,HIGH,PULLBACK,31.9,31.85,31.85,31.9,31.2,2.04,32.8,33.8,1.46,0.38,FULL,31.85,32.1,"ema20,ema50,bb,poc_vol,value_area_low,supertrend,low_5d,atr","CONSENSUS_BULL,TP2_FORCED_GAP,TIGHT_HEADROOM",
BVH,HSX,NEUTRAL,MEDIUM,PULLBACK,74.1,73.7,73.8,74.1,67.5,8.54,76.9,79.2,0.49,0.25,NO_TRADE,73.8,75.37,"ema20,ema50,bb,poc_vol,value_area_low,supertrend,low_5d,atr","TP1_PULLED_BACK,TP_NEAR_CEILING,TIGHT_HEADROOM,STOP_BELOW_FLOOR,SKIP_WIDE_STOP,REF_ONLY",wide_stop
BWE,HSX,SELL,MEDIUM,PULLBACK,40.5,40.2,40.2,40.5,39.4,1.99,41.4,42.6,1.5,1.31,NO_TRADE,40.22,41.25,"ema20,ema50,bb,poc_vol,value_area_low,supertrend,low_5d,atr","VALUE_OPPORTUNITY,TP2_FORCED_GAP,TIGHT_HEADROOM,REF_ONLY",not_buy
CII,HSX,STRONG SELL,HIGH,PULLBACK,12.45,12.4,12.4,12.45,11.8,4.84,13.3,,1.5,0.17,NO_TRADE,12.4,12.5,"ema20,ema50,bb,poc_vol,value_area_low,supertrend,low_5d,atr","CONSENSUS_BEAR,SINGLE_TP_ONLY,TP1_AT_CEILING,TIGHT_HEADROOM,REF_ONLY",not_buy
CMG,HSX,SELL,MEDIUM,PULLBACK,22.2,22.0,22.0,22.2,21.4,2.73,22.9,23.55,1.5,1.5,NO_TRADE,22.0,22.9,"ema20,ema50,bb,poc_vol,value_area_low,supertrend,low_5d,atr","TP2_FORCED_GAP,REF_ONLY",not_buy
CTD,HSX,SELL,LOW,PULLBACK,60.1,60.0,60.0,60.1,59.3,1.17,61.0,62.8,1.43,1.0,NO_TRADE,60.0,60.7,"ema20,ema50,bb,poc_vol,value_area_low,supertrend,low_5d,atr","UNCLEAR,TP2_FORCED_GAP,TIGHT_HEADROOM,REF_ONLY",not_buy
CTG,HSX,SELL,MEDIUM,PULLBACK,30.05,30.0,30.0,30.05,29.5,1.67,30.75,31.65,1.5,0.2,NO_TRADE,30.0,30.1,"ema20,ema50,bb,poc_vol,value_area_low,supertrend,low_5d,atr","VALUE_OPPORTUNITY,TP2_FORCED_GAP,TIGHT_HEADROOM,REF_ONLY",not_buy
CTR,HSX,SELL,MEDIUM,PULLBACK,71.2,71.0,71.0,71.2,69.5,2.11,73.2,75.4,1.47,0.67,NO_TRADE,71.0,72.0,"ema20,ema50,bb,poc_vol,value_area_low,supertrend,low_5d,atr","VALUE_OPPORTUNITY,TP2_FORCED_GAP,TIGHT_HEADROOM,REF_ONLY",not_buy
CTS,HSX,SELL,MEDIUM,PULLBACK,20.7,20.5,20.5,20.7,20.1,1.95,21.05,21.7,1.38,3.38,NO_TRADE,20.5,21.85,"ema20,ema50,bb,poc_vol,value_area_low,supertrend,low_5d,atr","TP2_FORCED_GAP,REF_ONLY",not_buy
DBC,HSX,SELL,MEDIUM,PULLBACK,15.45,15.4,15.4,15.45,15.25,0.97,15.6,16.05,1.33,0.67,NO_TRADE,15.4,15.5,"ema20,ema50,bb,poc_vol,value_area_low,supertrend,low_5d,atr","TP2_FORCED_GAP,TIGHT_HEADROOM,REF_ONLY",not_buy
DCM,HSX,BUY,MEDIUM,PULLBACK,34.65,34.5,34.5,34.65,33.3,3.48,36.3,,1.5,0.65,HALF,34.5,35.28,"ema20,ema50,bb,poc_vol,value_area_low,supertrend,low_5d,atr","SINGLE_TP_ONLY,TIGHT_HEADROOM",
DGW,HSX,BUY,MEDIUM,PULLBACK,46.1,44.55,44.55,46.1,43.05,3.37,46.75,48.2,1.47,1.3,HALF,44.57,46.5,"ema20,ema50,bb,poc_vol,value_area_low,supertrend,low_5d,atr","TP2_FORCED_GAP,TIGHT_HEADROOM",
DIG,HSX,NEUTRAL,MEDIUM,PULLBACK,9.67,9.6,9.6,9.67,9.07,5.52,10.0,10.3,0.75,0.19,NO_TRADE,9.6,9.7,"ema20,ema50,bb,poc_vol,value_area_low,supertrend,low_5d,atr","VALUE_OPPORTUNITY,TP1_PULLED_BACK,TP_NEAR_CEILING,TIGHT_HEADROOM,REF_ONLY",not_buy
DPM,HSX,NEUTRAL,MEDIUM,PULLBACK,22.9,22.7,22.7,22.9,21.95,3.3,23.8,,1.47,0.4,NO_TRADE,22.71,23.0,"ema20,ema50,bb,poc_vol,value_area_low,supertrend,low_5d,atr","SINGLE_TP_ONLY,TIGHT_HEADROOM,REF_ONLY",not_buy
DSE,HSX,SELL,MEDIUM,PULLBACK,21.85,21.8,21.8,21.85,21.5,1.38,22.25,22.9,1.5,1.0,NO_TRADE,21.8,22.1,"ema20,ema50,bb,poc_vol,value_area_low,supertrend,low_5d,atr","TP2_FORCED_GAP,TIGHT_HEADROOM,REF_ONLY",not_buy
DXG,HSX,STRONG SELL,MEDIUM,PULLBACK,10.15,9.82,9.82,10.15,9.26,5.7,10.65,,1.48,0.68,NO_TRADE,9.82,10.2,"ema20,ema50,bb,poc_vol,value_area_low,supertrend,low_5d,atr","SINGLE_TP_ONLY,TIGHT_HEADROOM,STOP_BELOW_FLOOR,REF_ONLY",not_buy
EIB,HSX,SELL,MEDIUM,PULLBACK,17.05,16.75,16.75,17.05,16.15,3.58,17.65,18.15,1.5,0.58,NO_TRADE,16.76,17.1,"ema20,ema50,bb,poc_vol,value_area_low,supertrend,low_5d,atr","TP2_FORCED_GAP,TIGHT_HEADROOM,REF_ONLY",not_buy
EVF,HSX,SELL,MEDIUM,PULLBACK,11.5,11.3,11.35,11.5,10.9,3.96,12.0,,1.44,1.0,NO_TRADE,11.35,11.8,"ema20,ema50,bb,poc_vol,value_area_low,supertrend,low_5d,atr","SINGLE_TP_ONLY,TIGHT_HEADROOM,REF_ONLY",not_buy
FPT,HSX,NEUTRAL,MEDIUM,PULLBACK,63.7,63.4,63.4,63.7,62.5,1.42,64.7,66.6,1.44,3.11,NO_TRADE,63.4,66.2,"ema20,ema50,bb,poc_vol,value_area_low,supertrend,low_5d,atr","TP2_FORCED_GAP,REF_ONLY",not_buy
FRT,HSX,NEUTRAL,MEDIUM,PULLBACK,141.0,140.9,140.9,141.0,135.5,3.83,149.0,,1.5,0.2,NO_TRADE,140.9,142.0,"ema20,ema50,bb,poc_vol,value_area_low,supertrend,low_5d,atr","SINGLE_TP_ONLY,TIGHT_HEADROOM,REF_ONLY",not_buy
FTS,HSX,SELL,MEDIUM,PULLBACK,19.5,19.35,19.4,19.5,18.9,2.58,20.1,20.75,1.4,2.5,NO_TRADE,19.4,20.65,"ema20,ema50,bb,poc_vol,value_area_low,supertrend,low_5d,atr","VALUE_OPPORTUNITY,TP2_FORCED_GAP,REF_ONLY",not_buy
GAS,HSX,BUY,HIGH,PULLBACK,84.0,83.5,83.5,84.0,79.4,4.91,89.6,,1.49,0.34,FULL,83.5,84.9,"ema20,ema50,bb,poc_vol,value_area_low,supertrend,low_5d,atr","CONSENSUS_BULL,SINGLE_TP_ONLY,TIGHT_HEADROOM",
GEE,HSX,NEUTRAL,LOW,PULLBACK,71.5,70.0,70.0,71.5,67.0,4.29,74.5,,1.5,1.0,NO_TRADE,70.05,73.0,"ema20,ema50,bb,poc_vol,value_area_low,supertrend,low_5d,atr","UNCLEAR,SINGLE_TP_ONLY,TIGHT_HEADROOM,REF_ONLY",not_buy
GEX,HSX,SELL,MEDIUM,PULLBACK,24.1,24.0,24.0,24.1,23.1,3.75,25.3,,1.44,0.61,NO_TRADE,24.0,24.55,"ema20,ema50,bb,poc_vol,value_area_low,supertrend,low_5d,atr","SINGLE_TP_ONLY,TIGHT_HEADROOM,REF_ONLY",not_buy
GMD,HSX,NEUTRAL,HIGH,PULLBACK,77.6,77.0,77.0,77.6,75.7,1.69,78.9,81.3,1.46,0.77,NO_TRADE,77.02,78.0,"ema20,ema50,bb,poc_vol,value_area_low,supertrend,low_5d,atr","CONSENSUS_BULL,TP2_FORCED_GAP,TIGHT_HEADROOM,REF_ONLY",not_buy
GVR,HSX,BUY,HIGH,PULLBACK,33.85,33.75,33.75,33.85,31.5,6.67,35.1,36.2,0.6,0.11,FULL,33.75,34.0,"ema20,ema50,bb,poc_vol,value_area_low,supertrend,low_5d,atr","CONSENSUS_BULL,TP1_PULLED_BACK,TP_NEAR_CEILING,TIGHT_HEADROOM",
HAG,HSX,SELL,MEDIUM,PULLBACK,14.0,13.9,13.95,14.0,13.65,2.15,14.35,14.8,1.33,0.77,NO_TRADE,13.95,14.18,"ema20,ema50,bb,poc_vol,value_area_low,supertrend,low_5d,atr","VALUE_OPPORTUNITY,TP2_FORCED_GAP,TIGHT_HEADROOM,REF_ONLY",not_buy
HCM,HSX,NEUTRAL,MEDIUM,PULLBACK,24.5,24.4,24.45,24.5,23.3,4.7,26.15,,1.48,0.17,NO_TRADE,24.45,24.65,"ema20,ema50,bb,poc_vol,value_area_low,supertrend,low_5d,atr","SINGLE_TP_ONLY,TIGHT_HEADROOM,REF_ONLY",not_buy
HDB,HSX,NEUTRAL,HIGH,PULLBACK,27.5,27.4,27.4,27.5,26.9,1.82,28.1,28.95,1.4,1.16,NO_TRADE,27.42,27.98,"ema20,ema50,bb,poc_vol,value_area_low,supertrend,low_5d,atr","CONSENSUS_BULL,TP2_FORCED_GAP,TIGHT_HEADROOM,REF_ONLY",not_buy
HDG,HSX,NEUTRAL,MEDIUM,PULLBACK,15.45,15.4,15.4,15.45,15.1,1.95,15.85,16.3,1.5,3.0,NO_TRADE,15.4,16.3,"ema20,ema50,bb,poc_vol,value_area_low,supertrend,low_5d,atr","VALUE_OPPORTUNITY,TP2_FORCED_GAP,REF_ONLY",not_buy
HHV,HSX,NEUTRAL,MEDIUM,PULLBACK,9.15,9.02,9.03,9.15,8.82,2.33,9.34,9.62,1.48,1.29,NO_TRADE,9.03,9.3,"ema20,ema50,bb,poc_vol,value_area_low,supertrend,low_5d,atr","VALUE_OPPORTUNITY,TP2_FORCED_GAP,TIGHT_HEADROOM,REF_ONLY",not_buy
HPG,HSX,SELL,MEDIUM,PULLBACK,20.4,20.3,20.3,20.4,20.0,1.48,20.75,21.35,1.5,2.67,NO_TRADE,20.3,21.1,"ema20,ema50,bb,poc_vol,value_area_low,supertrend,low_5d,atr","VALUE_OPPORTUNITY,TP2_FORCED_GAP,REF_ONLY",not_buy
HSG,HSX,SELL,MEDIUM,PULLBACK,10.1,10.0,10.0,10.1,9.84,1.6,10.2,10.5,1.25,0.94,NO_TRADE,10.0,10.15,"ema20,ema50,bb,poc_vol,value_area_low,supertrend,low_5d,atr","VALUE_OPPORTUNITY,TP2_FORCED_GAP,TIGHT_HEADROOM,REF_ONLY",not_buy
HT1,HSX,NEUTRAL,MEDIUM,PULLBACK,11.9,11.8,11.85,11.9,11.65,1.69,12.1,12.5,1.25,0.5,NO_TRADE,11.85,11.95,"ema20,ema50,bb,poc_vol,value_area_low,supertrend,low_5d,atr","TP2_FORCED_GAP,TIGHT_HEADROOM,REF_ONLY",not_buy
KBC,HSX,SELL,MEDIUM,PULLBACK,25.6,25.5,25.5,25.6,25.25,0.98,25.85,26.65,1.4,2.0,NO_TRADE,25.5,26.0,"ema20,ema50,bb,poc_vol,value_area_low,supertrend,low_5d,atr","TP2_FORCED_GAP,REF_ONLY",not_buy
KDC,HSX,SELL,MEDIUM,PULLBACK,50.8,50.6,50.6,50.8,50.2,0.79,51.2,52.7,1.5,1.0,NO_TRADE,50.61,51.0,"ema20,ema50,bb,poc_vol,value_area_low,supertrend,low_5d,atr","TP2_FORCED_GAP,TIGHT_HEADROOM,REF_ONLY",not_buy
KDH,HSX,NEUTRAL,MEDIUM,PULLBACK,15.45,14.9,14.95,15.45,14.2,5.02,16.05,,1.47,0.73,NO_TRADE,14.95,15.5,"ema20,ema50,bb,poc_vol,value_area_low,supertrend,low_5d,atr","VALUE_OPPORTUNITY,SINGLE_TP_ONLY,TIGHT_HEADROOM,STOP_BELOW_FLOOR,REF_ONLY",not_buy
KOS,HSX,SELL,MEDIUM,PULLBACK,16.95,16.75,16.8,16.95,14.7,12.5,17.4,18.1,0.29,2.74,NO_TRADE,16.79,22.55,"ema20,ema50,bb,poc_vol,value_area_low,supertrend,low_5d,atr","TP1_PULLED_BACK,TP_NEAR_CEILING,STOP_BELOW_FLOOR,SKIP_WIDE_STOP,REF_ONLY",wide_stop
LPB,HSX,SELL,MEDIUM,PULLBACK,44.1,44.0,44.0,44.1,42.55,3.3,46.15,,1.48,0.14,NO_TRADE,44.0,44.2,"ema20,ema50,bb,poc_vol,value_area_low,supertrend,low_5d,atr","SINGLE_TP_ONLY,TIGHT_HEADROOM,REF_ONLY",not_buy
MBB,HSX,SELL,MEDIUM,PULLBACK,19.75,19.6,19.65,19.75,19.35,1.53,20.05,20.7,1.33,1.5,NO_TRADE,19.65,20.1,"ema20,ema50,bb,poc_vol,value_area_low,supertrend,low_5d,atr","VALUE_OPPORTUNITY,TP2_FORCED_GAP,REF_ONLY",not_buy
MCH,HSX,NEUTRAL,LOW,PULLBACK,140.0,139.3,139.3,140.0,137.6,1.22,141.8,146.1,1.47,2.18,NO_TRADE,139.33,143.0,"ema20,ema50,bb,poc_vol,value_area_low,supertrend,low_5d,atr","UNCLEAR,TP2_FORCED_GAP,REF_ONLY",not_buy
MSB,HSX,NEUTRAL,MEDIUM,PULLBACK,14.1,14.05,14.05,14.1,13.85,1.42,14.35,14.75,1.5,1.85,NO_TRADE,14.05,14.42,"ema20,ema50,bb,poc_vol,value_area_low,supertrend,low_5d,atr","TP2_FORCED_GAP,REF_ONLY",not_buy
MSN,HSX,NEUTRAL,MEDIUM,PULLBACK,69.8,69.7,69.7,69.8,67.6,3.01,72.8,,1.48,0.14,NO_TRADE,69.7,70.0,"ema20,ema50,bb,poc_vol,value_area_low,supertrend,low_5d,atr","SINGLE_TP_ONLY,TIGHT_HEADROOM,REF_ONLY",not_buy
MWG,HSX,NEUTRAL,MEDIUM,PULLBACK,72.4,71.5,71.5,72.4,69.1,3.36,75.1,77.3,1.5,0.54,NO_TRADE,71.5,72.8,"ema20,ema50,bb,poc_vol,value_area_low,supertrend,low_5d,atr","VALUE_OPPORTUNITY,TP2_FORCED_GAP,TIGHT_HEADROOM,REF_ONLY",not_buy
NAB,HSX,NEUTRAL,HIGH,PULLBACK,12.4,12.3,12.35,12.4,12.15,1.62,12.6,13.0,1.25,1.0,NO_TRADE,12.35,12.55,"ema20,ema50,bb,poc_vol,value_area_low,supertrend,low_5d,atr","CONSENSUS_BULL,TP2_FORCED_GAP,TIGHT_HEADROOM,REF_ONLY",not_buy
NKG,HSX,NEUTRAL,MEDIUM,PULLBACK,9.54,9.5,9.5,9.54,9.23,2.84,9.9,10.2,1.48,1.56,NO_TRADE,9.5,9.92,"ema20,ema50,bb,poc_vol,value_area_low,supertrend,low_5d,atr","TP2_FORCED_GAP,REF_ONLY",not_buy
NLG,HSX,STRONG SELL,MEDIUM,PULLBACK,21.9,21.4,21.4,21.9,21.05,1.64,21.9,22.55,1.43,1.57,NO_TRADE,21.42,21.95,"ema20,ema50,bb,poc_vol,value_area_low,supertrend,low_5d,atr","TP2_FORCED_GAP,REF_ONLY",not_buy
NT2,HSX,SELL,MEDIUM,PULLBACK,21.6,21.25,21.25,21.6,20.45,3.76,22.45,,1.5,,NO_TRADE,21.25,,"ema20,ema50,bb,poc_vol,value_area_low,supertrend,low_5d,atr","VALUE_OPPORTUNITY,SINGLE_TP_ONLY,REF_ONLY",not_buy
NVL,HSX,NEUTRAL,MEDIUM,PULLBACK,10.2,9.6,9.6,10.2,8.85,7.81,10.7,,1.47,0.87,NO_TRADE,9.6,10.25,"ema20,ema50,bb,poc_vol,value_area_low,supertrend,low_5d,atr","SINGLE_TP_ONLY,TIGHT_HEADROOM,STOP_BELOW_FLOOR,SKIP_WIDE_STOP,REF_ONLY",wide_stop
OCB,HSX,NEUTRAL,MEDIUM,PULLBACK,10.15,10.05,10.1,10.15,9.9,1.98,10.35,10.7,1.25,1.75,NO_TRADE,10.1,10.45,"ema20,ema50,bb,poc_vol,value_area_low,supertrend,low_5d,atr","VALUE_OPPORTUNITY,TP2_FORCED_GAP,REF_ONLY",not_buy
PAN,HSX,NEUTRAL,MEDIUM,PULLBACK,18.0,17.85,17.85,18.0,17.65,1.12,18.15,18.65,1.5,3.5,NO_TRADE,17.86,18.55,"ema20,ema50,bb,poc_vol,value_area_low,supertrend,low_5d,atr","TP2_FORCED_GAP,REF_ONLY",not_buy
PC1,HSX,SELL,MEDIUM,PULLBACK,20.35,20.15,20.2,20.35,19.9,1.49,20.6,21.25,1.33,1.17,NO_TRADE,20.2,20.55,"ema20,ema50,bb,poc_vol,value_area_low,supertrend,low_5d,atr","VALUE_OPPORTUNITY,TP2_FORCED_GAP,TIGHT_HEADROOM,REF_ONLY",not_buy
PDR,HSX,SELL,MEDIUM,PULLBACK,11.25,11.15,11.2,11.25,10.4,7.14,11.65,12.0,0.56,0.44,NO_TRADE,11.2,11.55,"ema20,ema50,bb,poc_vol,value_area_low,supertrend,low_5d,atr","TP1_PULLED_BACK,TP_NEAR_CEILING,TIGHT_HEADROOM,STOP_BELOW_FLOOR,SKIP_WIDE_STOP,REF_ONLY",wide_stop
PHR,HSX,NEUTRAL,MEDIUM,PULLBACK,33.1,33.0,33.0,33.1,31.45,4.7,35.3,,1.48,0.19,NO_TRADE,33.0,33.3,"ema20,ema50,bb,poc_vol,value_area_low,supertrend,low_5d,atr","SINGLE_TP_ONLY,TIGHT_HEADROOM,REF_ONLY",not_buy
PLX,HSX,NEUTRAL,HIGH,PULLBACK,36.05,36.0,36.0,36.05,34.2,5.0,37.4,38.55,0.78,0.06,NO_TRADE,36.0,36.1,"ema20,ema50,bb,poc_vol,value_area_low,supertrend,low_5d,atr","CONSENSUS_BULL,TP1_PULLED_BACK,TP_NEAR_CEILING,TIGHT_HEADROOM,REF_ONLY",not_buy
PNJ,HSX,SELL,MEDIUM,PULLBACK,26.6,25.7,25.7,26.6,23.0,10.51,27.55,28.45,0.69,3.57,NO_TRADE,,35.35,"ema20,ema50,bb,poc_vol,value_area_low,supertrend,low_5d,atr","VALUE_OPPORTUNITY,TP1_PULLED_BACK,TP_NEAR_CEILING,STOP_BELOW_FLOOR,SKIP_WIDE_STOP,REF_ONLY",wide_stop
POW,HSX,NEUTRAL,MEDIUM,PULLBACK,12.8,12.75,12.75,12.8,12.6,1.18,12.95,13.35,1.33,1.67,NO_TRADE,12.77,13.0,"ema20,ema50,bb,poc_vol,value_area_low,supertrend,low_5d,atr","VALUE_OPPORTUNITY,TP2_FORCED_GAP,REF_ONLY",not_buy
PVD,HSX,NEUTRAL,MEDIUM,PULLBACK,18.55,18.0,18.05,18.55,17.7,1.94,18.55,19.1,1.43,1.86,NO_TRADE,18.03,18.7,"ema20,ema50,bb,poc_vol,value_area_low,supertrend,low_5d,atr","TP2_FORCED_GAP,REF_ONLY",not_buy
PVT,HSX,BUY,HIGH,PULLBACK,24.65,24.5,24.5,24.65,22.0,10.2,25.55,26.35,0.42,0.08,NO_TRADE,24.5,24.7,"ema20,ema50,bb,poc_vol,value_area_low,supertrend,low_5d,atr","CONSENSUS_BULL,TP1_PULLED_BACK,TP_NEAR_CEILING,TIGHT_HEADROOM,STOP_BELOW_FLOOR,SKIP_WIDE_STOP",wide_stop
REE,HSX,NEUTRAL,MEDIUM,PULLBACK,48.0,47.1,47.1,48.0,45.1,4.25,50.1,,1.5,0.65,NO_TRADE,47.1,48.4,"ema20,ema50,bb,poc_vol,value_area_low,supertrend,low_5d,atr","SINGLE_TP_ONLY,TIGHT_HEADROOM,REF_ONLY",not_buy
SAB,HSX,SELL,MEDIUM,PULLBACK,43.1,43.0,43.05,43.1,42.65,0.93,43.6,44.95,1.38,3.63,NO_TRADE,43.05,44.5,"ema20,ema50,bb,poc_vol,value_area_low,supertrend,low_5d,atr","TP2_FORCED_GAP,REF_ONLY",not_buy
SBT,HSX,NEUTRAL,MEDIUM,PULLBACK,22.95,22.8,22.85,22.95,22.1,3.28,23.95,,1.47,0.2,NO_TRADE,22.83,23.0,"ema20,ema50,bb,poc_vol,value_area_low,supertrend,low_5d,atr","SINGLE_TP_ONLY,TIGHT_HEADROOM,REF_ONLY",not_buy
SHB,HSX,SELL,MEDIUM,PULLBACK,11.4,11.3,11.35,11.4,11.0,3.08,11.85,,1.43,1.0,NO_TRADE,11.35,11.7,"ema20,ema50,bb,poc_vol,value_area_low,supertrend,low_5d,atr","VALUE_OPPORTUNITY,SINGLE_TP_ONLY,TIGHT_HEADROOM,REF_ONLY",not_buy
SIP,HSX,NEUTRAL,MEDIUM,PULLBACK,49.05,48.75,48.8,49.05,47.4,2.87,50.8,52.4,1.43,1.14,NO_TRADE,48.8,50.4,"ema20,ema50,bb,poc_vol,value_area_low,supertrend,low_5d,atr","TP2_FORCED_GAP,TIGHT_HEADROOM,REF_ONLY",not_buy
SJS,HSX,NEUTRAL,LOW,PULLBACK,51.6,50.8,50.8,51.6,48.5,4.53,54.2,,1.48,0.7,NO_TRADE,,52.4,"ema20,ema50,bb,poc_vol,value_area_low,supertrend,low_5d,atr","UNCLEAR,SINGLE_TP_ONLY,TIGHT_HEADROOM,REF_ONLY",not_buy
SSB,HSX,NEUTRAL,MEDIUM,PULLBACK,19.25,18.5,18.5,19.25,17.0,8.11,19.95,20.55,0.97,0.67,NO_TRADE,18.5,19.5,"ema20,ema50,bb,poc_vol,value_area_low,supertrend,low_5d,atr","TP1_PULLED_BACK,TP_NEAR_CEILING,TIGHT_HEADROOM,STOP_BELOW_FLOOR,SKIP_WIDE_STOP,REF_ONLY",wide_stop
SSI,HSX,NEUTRAL,MEDIUM,PULLBACK,20.35,20.3,20.3,20.35,19.75,2.71,21.1,21.75,1.45,1.64,NO_TRADE,20.3,21.2,"ema20,ema50,bb,poc_vol,value_area_low,supertrend,low_5d,atr","TP2_FORCED_GAP,REF_ONLY",not_buy
STB,HSX,NEUTRAL,MEDIUM,PULLBACK,76.3,76.2,76.3,76.3,75.4,1.18,77.6,79.9,1.44,1.78,NO_TRADE,76.26,77.9,"ema20,ema50,bb,poc_vol,value_area_low,supertrend,low_5d,atr","TP2_FORCED_GAP,REF_ONLY",not_buy
TAL,HSX,SELL,MEDIUM,PULLBACK,22.6,22.5,22.5,22.6,22.05,2.0,23.15,23.85,1.44,3.0,NO_TRADE,22.5,23.85,"ema20,ema50,bb,poc_vol,value_area_low,supertrend,low_5d,atr","TP2_FORCED_GAP,REF_ONLY",not_buy
TCB,HSX,NEUTRAL,HIGH,PULLBACK,32.6,32.4,32.4,32.6,32.0,1.23,33.0,33.95,1.5,1.0,NO_TRADE,32.41,32.8,"ema20,ema50,bb,poc_vol,value_area_low,supertrend,low_5d,atr","CONSENSUS_BULL,TP2_FORCED_GAP,TIGHT_HEADROOM,REF_ONLY",not_buy
TCH,HSX,SELL,MEDIUM,PULLBACK,11.6,11.55,11.6,11.6,11.35,2.16,11.95,12.3,1.4,2.92,NO_TRADE,11.59,12.33,"ema20,ema50,bb,poc_vol,value_area_low,supertrend,low_5d,atr","TP2_FORCED_GAP,REF_ONLY",not_buy
TCX,HSX,SELL,MEDIUM,PULLBACK,29.45,29.35,29.4,29.45,28.45,3.23,30.8,,1.47,0.26,NO_TRADE,29.4,29.65,"ema20,ema50,bb,poc_vol,value_area_low,supertrend,low_5d,atr","SINGLE_TP_ONLY,TIGHT_HEADROOM,REF_ONLY",not_buy
TPB,HSX,NEUTRAL,MEDIUM,PULLBACK,14.55,14.4,14.45,14.55,14.3,1.04,14.65,15.1,1.33,1.0,NO_TRADE,14.44,14.6,"ema20,ema50,bb,poc_vol,value_area_low,supertrend,low_5d,atr","VALUE_OPPORTUNITY,TP2_FORCED_GAP,TIGHT_HEADROOM,REF_ONLY",not_buy
VCB,HSX,NEUTRAL,MEDIUM,PULLBACK,58.3,58.2,58.2,58.3,57.3,1.55,59.5,61.3,1.44,0.56,NO_TRADE,58.2,58.7,"ema20,ema50,bb,poc_vol,value_area_low,supertrend,low_5d,atr","TP2_FORCED_GAP,TIGHT_HEADROOM,REF_ONLY",not_buy
VCG,HSX,NEUTRAL,MEDIUM,PULLBACK,13.75,13.65,13.65,13.75,13.45,1.47,13.95,14.35,1.5,3.25,NO_TRADE,13.65,14.3,"ema20,ema50,bb,poc_vol,value_area_low,supertrend,low_5d,atr","TP2_FORCED_GAP,REF_ONLY",not_buy
VCI,HSX,SELL,MEDIUM,PULLBACK,19.6,19.1,19.15,19.6,18.1,5.48,20.7,,1.48,0.48,NO_TRADE,19.15,19.65,"ema20,ema50,bb,poc_vol,value_area_low,supertrend,low_5d,atr","VALUE_OPPORTUNITY,SINGLE_TP_ONLY,TIGHT_HEADROOM,STOP_BELOW_FLOOR,REF_ONLY",not_buy
VCK,HSX,SELL,MEDIUM,PULLBACK,28.2,28.1,28.15,28.2,27.75,1.42,28.7,29.6,1.38,0.25,NO_TRADE,28.15,28.25,"ema20,ema50,bb,poc_vol,value_area_low,supertrend,low_5d,atr","TP2_FORCED_GAP,TIGHT_HEADROOM,REF_ONLY",not_buy
VGC,HSX,NEUTRAL,MEDIUM,PULLBACK,43.05,43.0,43.0,43.05,41.35,3.84,45.45,,1.48,0.09,NO_TRADE,43.0,43.15,"ema20,ema50,bb,poc_vol,value_area_low,supertrend,low_5d,atr","SINGLE_TP_ONLY,TIGHT_HEADROOM,REF_ONLY",not_buy
VHC,HSX,NEUTRAL,MEDIUM,PULLBACK,48.5,48.25,48.25,48.5,47.7,1.14,49.05,50.5,1.45,3.91,NO_TRADE,48.25,50.4,"ema20,ema50,bb,poc_vol,value_area_low,supertrend,low_5d,atr","VALUE_OPPORTUNITY,TP2_FORCED_GAP,REF_ONLY",not_buy
VHM,HSX,NEUTRAL,MEDIUM,PULLBACK,70.2,69.5,69.5,70.2,64.4,7.34,72.8,75.1,0.65,0.2,NO_TRADE,69.5,70.5,"ema20,ema50,bb,poc_vol,value_area_low,supertrend,low_5d,atr","TP1_PULLED_BACK,TP_NEAR_CEILING,TIGHT_HEADROOM,STOP_BELOW_FLOOR,SKIP_WIDE_STOP,REF_ONLY",wide_stop
VIB,HSX,NEUTRAL,MEDIUM,PULLBACK,13.45,13.15,13.15,13.45,12.75,3.04,13.75,14.15,1.5,0.87,NO_TRADE,13.16,13.5,"ema20,ema50,bb,poc_vol,value_area_low,supertrend,low_5d,atr","TP2_FORCED_GAP,TIGHT_HEADROOM,REF_ONLY",not_buy
VIC,HSX,NEUTRAL,MEDIUM,PULLBACK,230.0,229.6,229.7,230.0,226.0,1.61,235.2,242.3,1.49,0.62,NO_TRADE,229.7,232.0,"ema20,ema50,bb,poc_vol,value_area_low,supertrend,low_5d,atr","TP2_FORCED_GAP,TIGHT_HEADROOM,REF_ONLY",not_buy
VIX,HSX,SELL,MEDIUM,PULLBACK,12.6,12.55,12.55,12.6,12.3,1.99,12.9,13.3,1.4,1.8,NO_TRADE,12.55,13.0,"ema20,ema50,bb,poc_vol,value_area_low,supertrend,low_5d,atr","TP2_FORCED_GAP,REF_ONLY",not_buy
VJC,HSX,NEUTRAL,MEDIUM,PULLBACK,133.3,130.8,130.8,133.3,124.2,5.05,140.7,,1.5,0.48,NO_TRADE,130.8,134.0,"ema20,ema50,bb,poc_vol,value_area_low,supertrend,low_5d,atr","SINGLE_TP_ONLY,TIGHT_HEADROOM,REF_ONLY",not_buy
VND,HSX,SELL,MEDIUM,PULLBACK,14.15,14.1,14.1,14.15,13.85,1.77,14.45,14.9,1.4,2.6,NO_TRADE,14.1,14.75,"ema20,ema50,bb,poc_vol,value_area_low,supertrend,low_5d,atr","TP2_FORCED_GAP,REF_ONLY",not_buy
VNM,HSX,NEUTRAL,MEDIUM,PULLBACK,60.4,60.3,60.3,60.4,58.7,2.65,62.6,64.5,1.44,0.31,NO_TRADE,60.34,60.8,"ema20,ema50,bb,poc_vol,value_area_low,supertrend,low_5d,atr","TP2_FORCED_GAP,TIGHT_HEADROOM,REF_ONLY",not_buy
VPB,HSX,BUY,HIGH,PULLBACK,22.95,22.1,22.1,22.95,21.8,1.36,22.55,23.2,1.5,3.33,FULL,22.12,23.1,"ema20,ema50,bb,poc_vol,value_area_low,supertrend,low_5d,atr","CONSENSUS_BULL,TP2_FORCED_GAP",
VPI,HSX,NEUTRAL,MEDIUM,PULLBACK,60.8,60.7,60.8,60.8,59.8,1.64,62.2,64.1,1.4,1.8,NO_TRADE,60.79,62.6,"ema20,ema50,bb,poc_vol,value_area_low,supertrend,low_5d,atr","TP2_FORCED_GAP,REF_ONLY",not_buy
VPL,HSX,SELL,MEDIUM,PULLBACK,79.4,76.5,76.6,79.4,72.8,4.96,82.2,84.7,1.47,0.84,NO_TRADE,76.6,79.8,"ema20,ema50,bb,poc_vol,value_area_low,supertrend,low_5d,atr","TP2_FORCED_GAP,TIGHT_HEADROOM,STOP_BELOW_FLOOR,REF_ONLY",not_buy
VPX,HSX,NEUTRAL,MEDIUM,PULLBACK,25.2,25.1,25.1,25.2,24.25,3.39,26.35,,1.47,1.06,NO_TRADE,25.1,26.0,"ema20,ema50,bb,poc_vol,value_area_low,supertrend,low_5d,atr","SINGLE_TP_ONLY,TIGHT_HEADROOM,REF_ONLY",not_buy
VRE,HSX,SELL,MEDIUM,PULLBACK,24.25,24.15,24.2,24.25,23.8,1.65,24.75,25.5,1.38,0.25,NO_TRADE,24.2,24.3,"ema20,ema50,bb,poc_vol,value_area_low,supertrend,low_5d,atr","VALUE_OPPORTUNITY,TP2_FORCED_GAP,TIGHT_HEADROOM,REF_ONLY",not_buy
VSC,HSX,NEUTRAL,MEDIUM,PULLBACK,13.65,13.55,13.55,13.65,12.95,4.43,14.45,,1.5,0.58,NO_TRADE,13.57,13.9,"ema20,ema50,bb,poc_vol,value_area_low,supertrend,low_5d,atr","VALUE_OPPORTUNITY,SINGLE_TP_ONLY,TIGHT_HEADROOM,REF_ONLY",not_buy
VTP,HSX,NEUTRAL,MEDIUM,PULLBACK,52.7,52.5,52.5,52.7,48.75,7.14,54.6,56.3,0.56,0.27,NO_TRADE,52.5,53.5,"ema20,ema50,bb,poc_vol,value_area_low,supertrend,low_5d,atr","TP1_PULLED_BACK,TP_NEAR_CEILING,TIGHT_HEADROOM,STOP_BELOW_FLOOR,SKIP_WIDE_STOP,REF_ONLY",wide_stop
